会社名,よみがな,HP,本社,グループ
四国化工機（株）,しこくかこうき,http://www.shikoku-kakoki.co.jp/,徳島,機械工学科
（株）ナカテツ　徳島工場,なかてつ　とくしまこうじょう,http://www.nakatetsu.com/,大阪,機械工学科
（株）大塚製薬工場,おおつかせいやくこうじょう,http://www.otsukakj.jp/,徳島,機械工学科
四国トーセロ（株）,しこくとーせろ,http://www.shikoku-tohcello.co.jp/,徳島,機械工学科
大塚テクノ（株）,おおつかてくの,http://www.otsuka-techno.co.jp/,徳島,機械工学科
大鵬薬品工業（株）,たいほうやくひんこうぎょう,http://www.taiho.co.jp/,徳島,機械工学科
中道鉄工（株）,なかみちてっこう,http://nakamichi-iwc.com/,徳島,機械工学科
日亜化学工業（株）,にちあかがくこうぎょう,http://www.nichia.co.jp/,徳島,機械工学科
関西電力（株）,かんさいでんりょく,http://www.kepco.co.jp/,大阪,機械工学科
神鋼テクノ（株）,しんこうてくの,http://www.s-techno.co.jp/,兵庫,機械工学科
ダイキン工業（株）,だいきんこうぎょう,http://www.daikin.co.jp/,大阪,機械工学科
東海旅客鉄道（株）,とうかいりょかくてつどう,http://jr-central.co.jp/,愛知,機械工学科
不二製油（株）,ふじせいゆ,http://www.fujioil.co.jp/,大阪,機械工学科
三菱化学（株）　坂出事業所,みつびしかがく　さかいでじぎょうしょ,http://www.m-kagaku.co.jp/,東京,機械工学科
（株）ＪＡＬアビテック,じゃるばびえっく,http://www.jalec.co.jp/,東京,機械工学科
（株）森精機製作所,もりせいきせいさくしょ,http://www.moriseiki.com/,愛知,機械工学科
（株）川崎造船,かわさきぞうせん,http://www.khi.co.jp/,東京,機械工学科
三井製糖（株）,みついせいとう,http://www.mitsui-sugar.co.jp/,東京,機械工学科
三浦工業（株）,みうらこうぎょう,http://www.miuraz.co.jp/,愛媛,機械工学科
大阪サニタリー金属工業協同組合,おおさかさにたりーきんぞくこうぎょうきょうどうくみあい,,,機械工学科
中部電力（株）,ちゅぶでんりょく,,,機械工学科
三洋電機（株）モバイルエナジーカンパニー,さんようでんき　もばいるえなじーかんぱにー,,,機械工学科
四国電力（株）,しこくでんりょく,,,機械工学科
岡山大学,おかやまだいがく,,,機械工学科
金沢大学,かなざわだいがく,,,機械工学科
長岡技術科学大学,ながおかぎじゅつかがくだいがく,,,機械工学科
広島大学,ひろしまだいがく,,,機械工学科
阿南高専専攻科,あなんこうせん　せんこうか,,,機械工学科
日亜化学工業（株）,にちあかがくこうぎょう,,,電気電子工学科
大塚製薬（株）,おおつかせいやく,,,電気電子工学科
（株）大塚製薬工場,おおつかせいやくこうじょう,,,電気電子工学科
大阪ガス（株）,おおさかがす,,,電気電子工学科
関西電力（株）,かんさいでんりょく,,,電気電子工学科
四国電力（株）,しこくでんりょく,,,電気電子工学科
九州電力（株）,きゅうしゅうでんりょく,,,電気電子工学科
中部電力（株）,ちゅうぶでんりょく,,,電気電子工学科
東京電力（株）,とうきょうでんりょく,,,電気電子工学科
京セラ（株）,きょうせら,,,電気電子工学科
シャープ（株）,しゃーぷ,,,電気電子工学科
東レ（株）,とうれ,,,電気電子工学科
四電エンジニアリング（株）,よんでんえんじにあにんぐ,,,電気電子工学科
花王（株）,かおう,,,電気電子工学科
キヤノン（株）,きゃのん,,,電気電子工学科
村田機械（株）,むらたきかい,,,電気電子工学科
ＮＴＴ西日本（株）,えぬてぃてぃにしにほん,,,電気電子工学科
王子製紙（株）,おうじせいし,,,電気電子工学科
ダイキン工業（株）,だいきんこうぎょう,,,電気電子工学科
大阪ガス（株）,おおさかがす,,,電気電子工学科
阿南高専専攻科,あなんこうせん　せんこうか,,,電気電子工学科
豊橋技術科学大学,とよはしぎじゅつかがくだいがく,,,電気電子工学科
長岡技術科学大学,ながおかぎじゅつかがくだいがく,,,電気電子工学科
徳島大学,とくしまだいがく,,,電気電子工学科
大阪大学,おおさかだいがく,,,電気電子工学科
岡山大学,おかやまだいがく,,,電気電子工学科
電気通信大学,でんきつうしんだいがく,,,電気電子工学科
東北大学,とうほくだいがく,,,電気電子工学科
広島大学,ひろしまだいがく,,,電気電子工学科
筑波大学,つくばだいがく,,,電気電子工学科
大塚包装工業（株）,おおつかほうそうこうぎょう,,,制御情報工学科
健祥会,けんしょうかい,,,制御情報工学科
（株）ニイバイオ,にいばいお,,,制御情報工学科
大鵬薬品工業（株）,たいほうやくひんこうぎょう,,,制御情報工学科
ＮＴＴコムウェア西日本（株）,えぬてぃてぃこむうぇあにしにほん,,,制御情報工学科
ＮＴＴネオメイト関西（株）,えぬてぃてぃねおめいとかんさい,,,制御情報工学科
オムロンフィールドエンジニアリング（株）,おむろんふぃーるどえんじにありんぐ,,,制御情報工学科
三洋電機（株）モバイルエナジーカンパニー,さんようでんき　もばいるえなじーかんぱにー,,,制御情報工学科
神鋼テクノ（株）,しんこうてくの,,,制御情報工学科
ダイキン工業（株）,だいきんこうぎょう,,,制御情報工学科
ダイハツ工業（株）,だいはつこうぎょう,,,制御情報工学科
富士通（株）,ふじつう,,,制御情報工学科
三菱重工業（株）　神戸造船所,みつびしじゅうこうぎょう　こうべぞうせんしょ,,,制御情報工学科
（株）ＮＴＴデータフロンティア,えぬてぃてぃでーたふろんてぃあ,,,制御情報工学科
（株）エム・ディ・エス,えむ　でぃ　えす,,,制御情報工学科
（株）ジャパンコミュニケーション,じゃぱんこみゅにけーしょん,,,制御情報工学科
（株）ニコン,にこん,,,制御情報工学科
（株）富士通エフサス,ふじつうえふさす,,,制御情報工学科
（株）資生堂,しせいどう,,,制御情報工学科
（株）富士通アドバンストソリューションズ,ふじつうあどばんすとそりゅーしょんず,,,制御情報工学科
四電エンジニアリング（株）,よんでんえんじにあにんぐ,,,制御情報工学科
東海旅客鉄道（株）,とうかいりょかくてつどう,,,制御情報工学科
東洋製罐（株）　豊橋工場,とうようせいかん　とよはしこうじょう,,,制御情報工学科
香川大学,かがわだいがく,,,制御情報工学科
埼玉大学,さいたまだいがく,,,制御情報工学科
筑波大学,つくばだいがく,,,制御情報工学科
徳島大学,とくしまだいがく,,,制御情報工学科
早稲田大学,わせだだいがく,,,制御情報工学科
長岡技術科学大学,ながおかぎじゅつかがくだいがく,,,制御情報工学科
阿南高専専攻科,あなんこうせん　せんこうか,,,制御情報工学科
（株）十川ゴム,そがわごむ,,,建設システム工学科
徳島県庁,とくしまけんちょう,,,建設システム工学科
徳島市　水道局,とくしまし　すいどうきょく,,,建設システム工学科
（株）姫野組,ひめのぐみ,,,建設システム工学科
（株）エース,えーす,,,建設システム工学科
（株）三晃空調,さんこうくうちょう,http://www.sanko-air.co.jp/company,大阪,建設システム工学科
（株）ダイキンアプライドシステムズ,だいきんあぷらいどしすてむず,,,建設システム工学科
（株）ＮＴＴドコモ,えぬてぃてぃどこも,,,建設システム工学科
ＮＴＴインフラネット（株）,えぬてぃてぃいんふらねっと,,,建設システム工学科
旭シンクロテック（株）,あさひしんくろてっく,,,建設システム工学科
コスモ石油（株）,こすもせきゆ,,,建設システム工学科
ダイダン（株）,だいだん,,,建設システム工学科
日本下水道事業団,にほんげすいどうじぎょうだん,,,建設システム工学科
ライオンエンジニアリング（株）,らいおんえんじにありんぐ,,,建設システム工学科
（株）ＮＩＰＰＯ,にっぽ,,,建設システム工学科
（株）エステック,えすてっく,,,建設システム工学科
（株）コベルコ科研,こべるこかけん,,,建設システム工学科
三菱地所藤和コミュニティ（株）,みつびしちしょふじわこみゅにてぃ,http://www.mec-c.com/,東京,建設システム工学科
四国旅客鉄道（株）,しこくりょかくてつどう,,,建設システム工学科
出光興産（株）,いでみつこうさん,,,建設システム工学科
前田道路（株）,まえだどうろ,,,建設システム工学科
大鉄工業（株）,だいてつこうぎょう,http://www.daitetsu.co.jp/,大阪,建設システム工学科
中央復建コンサルタンツ（株）,ちゅうおうふっけんこんさるたんつ,http://www.cfk.co.jp/,大阪,建設システム工学科
東海旅客鉄道（株）,とうかいりょかくてつどう,,,建設システム工学科
日本たばこ産業（株）,にほんたばこさんぎょう,,,建設システム工学科
宮地建設工業（株）,みやじけんせつこうぎょう,http://www.miyaji-eng.co.jp/,東京,建設システム工学科
香川大学,かがわだいがく,,,建設システム工学科
熊本大学,くまもとだいがく,,,建設システム工学科
豊橋技術科学大学,とよはしぎじゅつかがくだいがく,,,建設システム工学科
長岡技術科学大学,ながおかぎじゅつかがくだいがく,,,建設システム工学科
阿南高専専攻科,あなんこうせん　せんこうか,,,建設システム工学科
