課程,適応学年,必修選択,科目コード,授業科目,担当教員１
一般教科,1,1,11121,基礎数学１,川崎　敏和
一般教科,1,1,11121,基礎数学１,宮本　陽生
一般教科,1,1,11121,基礎数学１,櫛田　雅弘
一般教科,1,1,11121,基礎数学１,田中　広志
一般教科,1,1,11121,基礎数学１,山田　耕太郎
一般教科,1,1,11123,数学A,櫛田　雅弘
一般教科,1,1,11123,数学A,田中　広志
一般教科,1,1,11148,英語１,谷中　俊裕
一般教科,1,0,19131,保健,佐竹　昌之
一般教科,1,0,19133,体育,新井　修
一般教科,1,0,19133,体育,中島　一
一般教科,1,0,19135,美術・デザイン,上月　佳代
一般教科,1,0,19146,日本語総合,錦織　浩文
一般教科,1,0,19149,倫理,藤居　岳人
一般教科,1,0,19151,物理,松尾　俊寛
一般教科,1,0,19151,物理,平山　基
一般教科,1,0,19156,化学１,鄭　涛
一般教科,1,0,19156,化学１,一森　勇人
一般教科,1,0,19159,英会話英作文,山田　真穂
一般教科,1,0,19170,英文法,勝藤　和子
一般教科,2,1,11221,基礎数学２,櫛田　雅弘
一般教科,2,1,11221,基礎数学２,田上　隆徳
一般教科,2,1,11221,基礎数学２,山田　耕太郎
一般教科,2,1,11248,英語２,藤井　浩美
一般教科,2,1,11248,英語２,渡邊　奈緒子
一般教科,2,1,11277,数学B,田上　隆徳
一般教科,2,1,11277,数学B,山田　耕太郎
一般教科,2,0,19211,地理,宮本　覚和
一般教科,2,0,19213,世界史,濱田　香織
一般教科,2,0,19231,物理,松尾　俊寛
一般教科,2,0,19231,物理,平山　基
一般教科,2,0,19233,物理実験・演習,松尾　俊寛
一般教科,2,0,19233,物理実験・演習,平山　基
一般教科,2,0,19246,日本語総合,坪井　泰士
一般教科,2,0,19256,化学２,一森　勇人
一般教科,2,0,19259,英会話英作文,トラビス　フリンク
一般教科,2,0,19261,体育,新井　修
一般教科,2,0,19261,体育,中島　一
一般教科,2,0,19261,体育,速水　仰
一般教科,3,1,11363,英語３,林田　栄治
一般教科,3,1,11363,英語３,渡邊　奈緒子
一般教科,3,1,11373,微分積分,川崎　敏和
一般教科,3,1,11373,微分積分,田中　広志
一般教科,3,1,11373,微分積分,山田　耕太郎
一般教科,3,1,11375,微分方程式,宮本　陽生
一般教科,3,1,11375,微分方程式,櫛田　雅弘
一般教科,3,1,11379,数学C,宮本　陽生
一般教科,3,1,11379,数学C,櫛田　雅弘
一般教科,3,0,19311,日本史,多田　実
一般教科,3,0,19333,体育３,新井　修
一般教科,3,0,19333,体育３,中島　一
一般教科,3,0,19357,政治社会,今田　浩之
一般教科,3,0,19359,英会話英作文,小笠原　麻衣子
一般教科,4,1,11439,英語総合１,谷中　俊裕
一般教科,4,1,11439,英語総合１,山田　真穂
一般教科,4,0,19402,ヒューマンヘルスケアリング,高山　直子
一般教科,4,0,19408,法学,今田　浩之
一般教科,4,0,19411,哲学,藤居　岳人
一般教科,4,0,19433,体育４,新井　修
一般教科,4,0,19433,体育４,中島　一
一般教科,4,0,19456,化学３,松尾　俊寛
一般教科,4,0,19456,化学３,平山　基
一般教科,4,0,19456,化学３,一森　勇人
一般教科,4,0,19481,英語の語彙・文法（１）,勝藤　和子
一般教科,4,0,19481,英語の語彙・文法（１）,渡邊　奈緒子
一般教科,4,0,19482,英語の語彙・文法（２）,藤井　浩美
一般教科,4,0,19482,英語の語彙・文法（２）,三宅　恵美
一般教科,5,0,19506,経済学,今田　浩之
一般教科,5,0,19514,バイオテクノロジー,一森　勇人
一般教科,5,0,19533,体育５,新井　修
一般教科,5,0,19533,体育５,中島　一
一般教科,5,0,19538,英語総合５,谷中　俊裕
一般教科,5,0,19538,英語総合５,三宅　恵美
一般教科,5,0,19562,日本語の表現,坪井　泰士
一般教科,5,0,19562,日本語の表現,錦織　浩文
一般教科,5,0,19581,英語の語彙・文法（３）,谷中　俊裕
一般教科,5,0,19581,英語の語彙・文法（３）,山田　真穂
一般教科,5,0,19582,英語の語彙・文法（４）,勝藤　和子
一般教科,5,0,19582,英語の語彙・文法（４）,三宅　恵美
機械工学科,1,1,51101,ものづくり工学基礎,奥本　良博
機械工学科,1,1,51101,ものづくり工学基礎,中野　好典
機械工学科,1,1,51101,ものづくり工学基礎,福見　淳二
機械工学科,1,1,51101,ものづくり工学基礎,湯城　豊勝
機械工学科,1,1,51101,ものづくり工学基礎,松浦　史法
機械工学科,1,1,51101,ものづくり工学基礎,安田　武司
機械工学科,1,1,51101,ものづくり工学基礎,當宮　辰美
機械工学科,1,1,51101,ものづくり工学基礎,正木　和夫
機械工学科,1,1,51101,ものづくり工学基礎,中村　厚信
機械工学科,1,1,51101,ものづくり工学基礎,砂原　米彦
機械工学科,1,1,51101,ものづくり工学基礎,岩佐　健司
機械工学科,1,1,51101,ものづくり工学基礎,田中　達治
機械工学科,1,1,51101,ものづくり工学基礎,杉野　隆三郎
機械工学科,1,1,51101,ものづくり工学基礎,福田　耕治
機械工学科,1,1,51103,ものづくり工学実習,川畑　成之
機械工学科,1,1,51103,ものづくり工学実習,中村　雄一
機械工学科,1,1,51103,ものづくり工学実習,安野　恵実子
機械工学科,1,1,51103,ものづくり工学実習,松保　重之
機械工学科,1,1,51103,ものづくり工学実習,松本　高志
機械工学科,1,1,51103,ものづくり工学実習,小松　実
機械工学科,1,1,51103,ものづくり工学実習,釜野　勝
機械工学科,1,1,51103,ものづくり工学実習,岡本　浩行
機械工学科,1,1,51103,ものづくり工学実習,伊丹　伸
機械工学科,1,1,51103,ものづくり工学実習,一ノ瀬　元喜
機械工学科,1,1,51103,ものづくり工学実習,小林　美緒
機械工学科,1,1,51103,ものづくり工学実習,吉村　洋
機械工学科,1,1,51103,ものづくり工学実習,川上　周司
機械工学科,1,1,51105,デザイン基礎,多田　博夫
機械工学科,1,1,51105,デザイン基礎,島田　富美男
機械工学科,1,1,51105,デザイン基礎,森山　卓郎
機械工学科,1,1,51107,情報リテラシー,田中　達治
機械工学科,1,1,51107,情報リテラシー,岡本　浩行
機械工学科,1,1,51107,情報リテラシー,一ノ瀬　元喜
機械工学科,1,1,51107,情報リテラシー,小林　美緒
機械工学科,1,1,51107,情報リテラシー,上原　信知
機械工学科,2,1,21235,機械製図２,原野　智哉
機械工学科,2,1,21276,機械工作実習,松浦　史法
機械工学科,2,1,21276,機械工作実習,安田　武司
機械工学科,2,0,29208,情報処理,武知　英夫
機械工学科,2,0,29278,加工学,西本　浩司
機械工学科,3,1,21342,機械工学創造実習,武知　英夫
機械工学科,3,1,21342,機械工学創造実習,西本　浩司
機械工学科,3,1,21380,機械設計製図１,多田　博夫
機械工学科,3,0,29308,情報処理,武知　英夫
機械工学科,3,0,29314,材料力学１,西野　精一
機械工学科,3,0,29320,材料学１,奥本　良博
機械工学科,3,0,29333,機構学,川畑　成之
機械工学科,3,0,29371,応用物理１,平山　基
機械工学科,3,0,29379,加工学,西本　浩司
機械工学科,3,0,29383,機械要素設計,原野　智哉
機械工学科,4,1,21480,機械設計製図２,原野　智哉
機械工学科,4,1,21480,機械設計製図２,大北　裕司
機械工学科,4,1,21444,機械工学実験１,西野　精一
機械工学科,4,1,21444,機械工学実験１,原野　智哉
機械工学科,4,1,21444,機械工学実験１,大北　裕司
機械工学科,4,1,21444,機械工学実験１,西本　浩司
機械工学科,4,0,29402,応用数学１,杉野　隆三郎
機械工学科,4,0,29404,応用数学２,杉野　隆三郎
機械工学科,4,0,29410,メカトロニクス,松浦　史法
機械工学科,4,0,29412,電気電子工学概論,武知　英夫
機械工学科,4,0,29414,材料力学２,西野　精一
機械工学科,4,0,29420,材料学２,奥本　良博
機械工学科,4,0,29422,工業力学,川畑　成之
機械工学科,4,0,29424,水力学,大北　裕司
機械工学科,4,0,29426,水力学演習,大北　裕司
機械工学科,4,0,29428,熱力学,西岡　守
機械工学科,4,0,29430,熱力学演習,西岡　守
機械工学科,4,0,29464,文献講読,西岡　守
機械工学科,4,0,29464,文献講読,多田　博夫
機械工学科,4,0,29464,文献講読,西野　精一
機械工学科,4,0,29464,文献講読,吉田　岳人
機械工学科,4,0,29464,文献講読,武知　英夫
機械工学科,4,0,29464,文献講読,奥本　良博
機械工学科,4,0,29464,文献講読,原野　智哉
機械工学科,4,0,29464,文献講読,大北　裕司
機械工学科,4,0,29464,文献講読,川畑　成之
機械工学科,4,0,29464,文献講読,西本　浩司
機械工学科,4,0,29464,文献講読,松浦　史法
機械工学科,4,0,29464,文献講読,安田　武司
機械工学科,4,0,29468,３次元CAD,多田　博夫
機械工学科,4,0,29472,応用物理２,吉田　岳人
機械工学科,4,0,29474,材料力学演習,西野　精一
機械工学科,4,0,29486,校外実習,多田　博夫
機械工学科,4,0,29498,材料工学１,小西　智也
機械工学科,5,1,21544,機械工学実験２,西岡　守
機械工学科,5,1,21544,機械工学実験２,西野　精一
機械工学科,5,1,21544,機械工学実験２,武知　英夫
機械工学科,5,1,21544,機械工学実験２,奥本　良博
機械工学科,5,1,21544,機械工学実験２,松浦　史法
機械工学科,5,1,21547,卒業研究,西岡　守
機械工学科,5,1,21547,卒業研究,多田　博夫
機械工学科,5,1,21547,卒業研究,西野　精一
機械工学科,5,1,21547,卒業研究,吉田　岳人
機械工学科,5,1,21547,卒業研究,武知　英夫
機械工学科,5,1,21547,卒業研究,奥本　良博
機械工学科,5,1,21547,卒業研究,原野　智哉
機械工学科,5,1,21547,卒業研究,大北　裕司
機械工学科,5,1,21547,卒業研究,川畑　成之
機械工学科,5,1,21547,卒業研究,西本　浩司
機械工学科,5,1,21547,卒業研究,松浦　史法
機械工学科,5,1,21547,卒業研究,安田　武司
機械工学科,5,0,29506,生産技術概論,田中　達治
機械工学科,5,0,29510,制御システム工学,川畑　成之
機械工学科,5,0,29514,流体力学,大北　裕司
機械工学科,5,0,29516,機械力学,川畑　成之
機械工学科,5,0,29530,環境力学,西岡　守
機械工学科,5,0,29540,材料科学,奥本　良博
機械工学科,5,0,29546,塑性加工工学,安田　武司
機械工学科,5,0,29566,熱工学,西岡　守
機械工学科,5,0,29570,プログラミング演習,松浦　史法
機械工学科,5,0,29572,応用物理３,吉田　岳人
機械工学科,5,0,29597,材料工学３,神原　康雄
機械工学科,5,0,29598,材料工学２,神原　康雄
電気電子工学科,1,1,51101,ものづくり工学基礎,奥本　良博
電気電子工学科,1,1,51101,ものづくり工学基礎,中野　好典
電気電子工学科,1,1,51101,ものづくり工学基礎,福見　淳二
電気電子工学科,1,1,51101,ものづくり工学基礎,湯城　豊勝
電気電子工学科,1,1,51101,ものづくり工学基礎,松浦　史法
電気電子工学科,1,1,51101,ものづくり工学基礎,安田　武司
電気電子工学科,1,1,51101,ものづくり工学基礎,當宮　辰美
電気電子工学科,1,1,51101,ものづくり工学基礎,正木　和夫
電気電子工学科,1,1,51101,ものづくり工学基礎,中村　厚信
電気電子工学科,1,1,51101,ものづくり工学基礎,砂原　米彦
電気電子工学科,1,1,51101,ものづくり工学基礎,岩佐　健司
電気電子工学科,1,1,51101,ものづくり工学基礎,田中　達治
電気電子工学科,1,1,51101,ものづくり工学基礎,杉野　隆三郎
電気電子工学科,1,1,51101,ものづくり工学基礎,福田　耕治
電気電子工学科,1,1,51103,ものづくり工学実習,川畑　成之
電気電子工学科,1,1,51103,ものづくり工学実習,中村　雄一
電気電子工学科,1,1,51103,ものづくり工学実習,安野　恵実子
電気電子工学科,1,1,51103,ものづくり工学実習,松保　重之
電気電子工学科,1,1,51103,ものづくり工学実習,松本　高志
電気電子工学科,1,1,51103,ものづくり工学実習,小松　実
電気電子工学科,1,1,51103,ものづくり工学実習,釜野　勝
電気電子工学科,1,1,51103,ものづくり工学実習,岡本　浩行
電気電子工学科,1,1,51103,ものづくり工学実習,伊丹　伸
電気電子工学科,1,1,51103,ものづくり工学実習,一ノ瀬　元喜
電気電子工学科,1,1,51103,ものづくり工学実習,小林　美緒
電気電子工学科,1,1,51103,ものづくり工学実習,吉村　洋
電気電子工学科,1,1,51103,ものづくり工学実習,川上　周司
電気電子工学科,1,1,51105,デザイン基礎,多田　博夫
電気電子工学科,1,1,51105,デザイン基礎,島田　富美男
電気電子工学科,1,1,51105,デザイン基礎,森山　卓郎
電気電子工学科,1,1,51107,情報リテラシー,田中　達治
電気電子工学科,1,1,51107,情報リテラシー,岡本　浩行
電気電子工学科,1,1,51107,情報リテラシー,一ノ瀬　元喜
電気電子工学科,1,1,51107,情報リテラシー,小林　美緒
電気電子工学科,1,1,51107,情報リテラシー,上原　信知
電気電子工学科,2,1,31216,電気磁気学１,小松　実
電気電子工学科,2,1,31230,電気電子工学実験２,釜野　勝
電気電子工学科,2,1,31230,電気電子工学実験２,上原　信知
電気電子工学科,2,1,31232,電気回路論１,中村　雄一
電気電子工学科,2,1,31275,ディジタル回路１,小松　実
電気電子工学科,2,0,39281,電気電子製図,釜野　勝
電気電子工学科,2,0,39291,電気電子基礎,中野　好典
電気電子工学科,3,1,31324,電子回路,釜野　勝
電気電子工学科,3,1,31327,電気電子工学実験３,正木　和夫
電気電子工学科,3,1,31327,電気電子工学実験３,砂原　米彦
電気電子工学科,3,1,31327,電気電子工学実験３,松本　高志
電気電子工学科,3,1,31327,電気電子工学実験３,中村　雄一
電気電子工学科,3,1,31384,電気計測,松本　高志
電気電子工学科,3,0,39315,電子工学,正木　和夫
電気電子工学科,3,0,39316,電気磁気学,長谷川　竜生
電気電子工学科,3,0,39316,電気磁気学,和田　英作
電気電子工学科,3,0,39332,電気回路論,中野　好典
電気電子工学科,3,0,39349,電気機器工学１,當宮　辰美
電気電子工学科,3,0,39371,応用物理１,松尾　俊寛
電気電子工学科,3,0,39375,ディジタル回路２,中村　雄一
電気電子工学科,4,1,31430,電気電子工学実験４,當宮　辰美
電気電子工学科,4,1,31430,電気電子工学実験４,中野　好典
電気電子工学科,4,1,31430,電気電子工学実験４,砂原　米彦
電気電子工学科,4,1,31430,電気電子工学実験４,中村　厚信
電気電子工学科,4,1,31430,電気電子工学実験４,松本　高志
電気電子工学科,4,1,31430,電気電子工学実験４,釜野　勝
電気電子工学科,4,1,31430,電気電子工学実験４,上原　信知
電気電子工学科,4,1,31457,電子回路設計製作実習,長谷川　竜生
電気電子工学科,4,0,39402,応用数学１,今井　仁司
電気電子工学科,4,0,39403,発変電工学,森本　隼人
電気電子工学科,4,0,39403,発変電工学,中岡　源太
電気電子工学科,4,0,39404,応用数学２,杉野　隆三郎
電気電子工学科,4,0,39416,電気磁気学,松本　高志
電気電子工学科,4,0,39418,制御工学１,當宮　辰美
電気電子工学科,4,0,39420,電気電子材料,中村　厚信
電気電子工学科,4,0,39424,電子回路,釜野　勝
電気電子工学科,4,0,39432,電気回路論,上原　信知
電気電子工学科,4,0,39442,電磁波工学,砂原　米彦
電気電子工学科,4,0,39449,電気機器工学２,當宮　辰美
電気電子工学科,4,0,39450,電気機器工学３,北條　昌秀
電気電子工学科,4,0,39455,プログラミング演習１,小松　実
電気電子工学科,4,0,39461,校外実習１,松本　高志
電気電子工学科,4,0,39463,校外実習２,松本　高志
電気電子工学科,4,0,39472,応用物理２,吉田　岳人
電気電子工学科,4,0,39491,電気電子工学総合演習,當宮　辰美
電気電子工学科,4,0,39491,電気電子工学総合演習,正木　和夫
電気電子工学科,4,0,39491,電気電子工学総合演習,中野　好典
電気電子工学科,4,0,39491,電気電子工学総合演習,中村　厚信
電気電子工学科,4,0,39491,電気電子工学総合演習,砂原　米彦
電気電子工学科,4,0,39491,電気電子工学総合演習,中村　雄一
電気電子工学科,4,0,39491,電気電子工学総合演習,松本　高志
電気電子工学科,4,0,39491,電気電子工学総合演習,長谷川　竜生
電気電子工学科,4,0,39491,電気電子工学総合演習,小松　実
電気電子工学科,4,0,39491,電気電子工学総合演習,釜野　勝
電気電子工学科,4,0,39491,電気電子工学総合演習,上原　信知
電気電子工学科,4,0,39498,材料工学１,小西　智也
電気電子工学科,5,1,31530,電気電子工学実験５,正木　和夫
電気電子工学科,5,1,31530,電気電子工学実験５,中野　好典
電気電子工学科,5,1,31530,電気電子工学実験５,中村　厚信
電気電子工学科,5,1,31530,電気電子工学実験５,松本　高志
電気電子工学科,5,1,31530,電気電子工学実験５,小松　実
電気電子工学科,5,1,31559,創造工学実習,中村　雄一
電気電子工学科,5,1,31559,創造工学実習,上原　信知
電気電子工学科,5,1,31591,卒業研究,當宮　辰美
電気電子工学科,5,1,31591,卒業研究,正木　和夫
電気電子工学科,5,1,31591,卒業研究,中野　好典
電気電子工学科,5,1,31591,卒業研究,中村　厚信
電気電子工学科,5,1,31591,卒業研究,砂原　米彦
電気電子工学科,5,1,31591,卒業研究,中村　雄一
電気電子工学科,5,1,31591,卒業研究,松本　高志
電気電子工学科,5,1,31591,卒業研究,長谷川　竜生
電気電子工学科,5,1,31591,卒業研究,小松　実
電気電子工学科,5,1,31591,卒業研究,釜野　勝
電気電子工学科,5,1,31591,卒業研究,上原　信知
電気電子工学科,5,0,39503,発変電工学,森本　隼人
電気電子工学科,5,0,39503,発変電工学,中岡　源太
電気電子工学科,5,0,39506,高電圧工学,下村　直行
電気電子工学科,5,0,39511,パワーエレクトロニクス,中村　厚信
電気電子工学科,5,0,39514,原子力工学,中村　厚信
電気電子工学科,5,0,39514,原子力工学,中村　雄一
電気電子工学科,5,0,39517,電気法規,仁木　貴敏
電気電子工学科,5,0,39522,半導体電子工学,正木　和夫
電気電子工学科,5,0,39528,制御工学２,當宮　辰美
電気電子工学科,5,0,39538,通信工学理論,砂原　米彦
電気電子工学科,5,0,39546,無線工学,松本　高志
電気電子工学科,5,0,39553,電波法規,近藤　光徳
電気電子工学科,5,0,39555,プログラミング実習２,小松　実
電気電子工学科,5,0,39565,オプトエレクトロニクス,長谷川　竜生
電気電子工学科,5,0,39572,応用物理３,吉田　岳人
電気電子工学科,5,0,39585,情報理論,中村　雄一
電気電子工学科,5,0,39597,材料工学３,神原　康雄
電気電子工学科,5,0,39598,材料工学２,神原　康雄
制御情報工学科,1,1,51101,ものづくり工学基礎,奥本　良博
制御情報工学科,1,1,51101,ものづくり工学基礎,中野　好典
制御情報工学科,1,1,51101,ものづくり工学基礎,福見　淳二
制御情報工学科,1,1,51101,ものづくり工学基礎,湯城　豊勝
制御情報工学科,1,1,51101,ものづくり工学基礎,松浦　史法
制御情報工学科,1,1,51101,ものづくり工学基礎,安田　武司
制御情報工学科,1,1,51101,ものづくり工学基礎,當宮　辰美
制御情報工学科,1,1,51101,ものづくり工学基礎,正木　和夫
制御情報工学科,1,1,51101,ものづくり工学基礎,中村　厚信
制御情報工学科,1,1,51101,ものづくり工学基礎,砂原　米彦
制御情報工学科,1,1,51101,ものづくり工学基礎,岩佐　健司
制御情報工学科,1,1,51101,ものづくり工学基礎,田中　達治
制御情報工学科,1,1,51101,ものづくり工学基礎,杉野　隆三郎
制御情報工学科,1,1,51101,ものづくり工学基礎,福田　耕治
制御情報工学科,1,1,51103,ものづくり工学実習,川畑　成之
制御情報工学科,1,1,51103,ものづくり工学実習,中村　雄一
制御情報工学科,1,1,51103,ものづくり工学実習,安野　恵実子
制御情報工学科,1,1,51103,ものづくり工学実習,松保　重之
制御情報工学科,1,1,51103,ものづくり工学実習,松本　高志
制御情報工学科,1,1,51103,ものづくり工学実習,小松　実
制御情報工学科,1,1,51103,ものづくり工学実習,釜野　勝
制御情報工学科,1,1,51103,ものづくり工学実習,岡本　浩行
制御情報工学科,1,1,51103,ものづくり工学実習,伊丹　伸
制御情報工学科,1,1,51103,ものづくり工学実習,一ノ瀬　元喜
制御情報工学科,1,1,51103,ものづくり工学実習,小林　美緒
制御情報工学科,1,1,51103,ものづくり工学実習,吉村　洋
制御情報工学科,1,1,51103,ものづくり工学実習,川上　周司
制御情報工学科,1,1,51105,デザイン基礎,多田　博夫
制御情報工学科,1,1,51105,デザイン基礎,島田　富美男
制御情報工学科,1,1,51105,デザイン基礎,森山　卓郎
制御情報工学科,1,1,51107,情報リテラシー,田中　達治
制御情報工学科,1,1,51107,情報リテラシー,岡本　浩行
制御情報工学科,1,1,51107,情報リテラシー,一ノ瀬　元喜
制御情報工学科,1,1,51107,情報リテラシー,小林　美緒
制御情報工学科,1,1,51107,情報リテラシー,上原　信知
制御情報工学科,2,1,71212,電気基礎,田中　達治
制御情報工学科,2,1,71212,電気基礎,安野　恵実子
制御情報工学科,2,1,71216,回路技術実習,福見　淳二
制御情報工学科,2,1,71216,回路技術実習,安野　恵実子
制御情報工学科,2,1,71227,プログラミング演習,田中　達治
制御情報工学科,2,1,71227,プログラミング演習,岡本　浩行
制御情報工学科,2,1,71227,プログラミング演習,小林　美緒
制御情報工学科,2,1,71227,プログラミング演習,福田　耕治
制御情報工学科,2,0,79205,データ構造とアルゴリズム,一ノ瀬　元喜
制御情報工学科,2,0,79205,データ構造とアルゴリズム,小林　美緒
制御情報工学科,2,0,79209,計算機基礎演習,一ノ瀬　元喜
制御情報工学科,2,0,79209,計算機基礎演習,小林　美緒
制御情報工学科,3,1,71316,回路技術基礎,福田　耕治
制御情報工学科,3,1,71316,回路技術基礎,安野　恵実子
制御情報工学科,3,1,71321,マイクロコンピュータ,福田　耕治
制御情報工学科,3,1,71321,マイクロコンピュータ,福見　淳二
制御情報工学科,3,1,71321,マイクロコンピュータ,伊丹　伸
制御情報工学科,3,1,71321,マイクロコンピュータ,安野　恵実子
制御情報工学科,3,1,71321,マイクロコンピュータ,一ノ瀬　元喜
制御情報工学科,3,1,71321,マイクロコンピュータ,小林　美緒
制御情報工学科,3,1,71322,組み込みマイコン実習,福田　耕治
制御情報工学科,3,1,71322,組み込みマイコン実習,福見　淳二
制御情報工学科,3,1,71322,組み込みマイコン実習,伊丹　伸
制御情報工学科,3,1,71322,組み込みマイコン実習,安野　恵実子
制御情報工学科,3,1,71322,組み込みマイコン実習,一ノ瀬　元喜
制御情報工学科,3,1,71322,組み込みマイコン実習,小林　美緒
制御情報工学科,3,0,79305,ソフトウェア設計,岡本　浩行
制御情報工学科,3,0,79305,ソフトウェア設計,一ノ瀬　元喜
制御情報工学科,3,0,79310,情報処理演習,岩佐　健司
制御情報工学科,3,0,79310,情報処理演習,田中　達治
制御情報工学科,3,0,79327,プログラミング演習,岡本　浩行
制御情報工学科,3,0,79327,プログラミング演習,小林　美緒
制御情報工学科,3,0,79371,応用物理１,平山　基
制御情報工学科,4,1,71431,制御工学基礎,福見　淳二
制御情報工学科,4,1,71431,制御工学基礎,福田　耕治
制御情報工学科,4,1,71433,計測工学基礎,伊丹　伸
制御情報工学科,4,1,71433,計測工学基礎,安野　恵実子
制御情報工学科,4,1,71435,計測基礎実習,伊丹　伸
制御情報工学科,4,1,71435,計測基礎実習,福田　耕治
制御情報工学科,4,1,71435,計測基礎実習,福見　淳二
制御情報工学科,4,1,71435,計測基礎実習,安野　恵実子
制御情報工学科,4,1,71462,ロボット創造実習,福田　耕治
制御情報工学科,4,1,71462,ロボット創造実習,伊丹　伸
制御情報工学科,4,0,79402,応用数学２,杉野　隆三郎
制御情報工学科,4,0,79410,シーケンス制御工学,伊丹　伸
制御情報工学科,4,0,79416,回路技術,福見　淳二
制御情報工学科,4,0,79427,応用プログラミング１,岡本　浩行
制御情報工学科,4,0,79434,機械工学概論,宮城　勢治
制御情報工学科,4,0,79448,校外実習,福田　耕治
制御情報工学科,4,0,79450,創造工学ゼミナール,宮城　勢治
制御情報工学科,4,0,79450,創造工学ゼミナール,森住　昇
制御情報工学科,4,0,79450,創造工学ゼミナール,岩佐　健司
制御情報工学科,4,0,79450,創造工学ゼミナール,田中　達治
制御情報工学科,4,0,79450,創造工学ゼミナール,杉野　隆三郎
制御情報工学科,4,0,79450,創造工学ゼミナール,福田　耕治
制御情報工学科,4,0,79450,創造工学ゼミナール,福見　淳二
制御情報工学科,4,0,79450,創造工学ゼミナール,岡本　浩行
制御情報工学科,4,0,79450,創造工学ゼミナール,安野　恵実子
制御情報工学科,4,0,79450,創造工学ゼミナール,伊丹　伸
制御情報工学科,4,0,79450,創造工学ゼミナール,一ノ瀬　元喜
制御情報工学科,4,0,79450,創造工学ゼミナール,小林　美緒
制御情報工学科,4,0,79462,ロボット工学基礎,福田　耕治
制御情報工学科,4,0,79464,文献講読,宮城　勢治
制御情報工学科,4,0,79464,文献講読,森住　昇
制御情報工学科,4,0,79464,文献講読,岩佐　健司
制御情報工学科,4,0,79464,文献講読,田中　達治
制御情報工学科,4,0,79464,文献講読,杉野　隆三郎
制御情報工学科,4,0,79464,文献講読,福田　耕治
制御情報工学科,4,0,79464,文献講読,福見　淳二
制御情報工学科,4,0,79464,文献講読,岡本　浩行
制御情報工学科,4,0,79464,文献講読,安野　恵実子
制御情報工学科,4,0,79464,文献講読,伊丹　伸
制御情報工学科,4,0,79464,文献講読,一ノ瀬　元喜
制御情報工学科,4,0,79464,文献講読,小林　美緒
制御情報工学科,4,0,79472,応用物理２,吉田　岳人
制御情報工学科,4,0,79474,応用数学１,杉野　隆三郎
制御情報工学科,4,0,79480,制御数理,杉野　隆三郎
制御情報工学科,4,0,79480,制御数理,一ノ瀬　元喜
制御情報工学科,4,0,79485,情報数理,杉野　隆三郎
制御情報工学科,4,0,79485,情報数理,一ノ瀬　元喜
制御情報工学科,4,0,79498,材料工学１,小西　智也
制御情報工学科,5,1,71566,ロボット製作実習,福見　淳二
制御情報工学科,5,1,71566,ロボット製作実習,安野　恵実子
制御情報工学科,5,1,71591,卒業研究,宮城　勢治
制御情報工学科,5,1,71591,卒業研究,森住　昇
制御情報工学科,5,1,71591,卒業研究,岩佐　健司
制御情報工学科,5,1,71591,卒業研究,田中　達治
制御情報工学科,5,1,71591,卒業研究,杉野　隆三郎
制御情報工学科,5,1,71591,卒業研究,福田　耕治
制御情報工学科,5,1,71591,卒業研究,福見　淳二
制御情報工学科,5,1,71591,卒業研究,岡本　浩行
制御情報工学科,5,1,71591,卒業研究,安野　恵実子
制御情報工学科,5,1,71591,卒業研究,伊丹　伸
制御情報工学科,5,1,71591,卒業研究,一ノ瀬　元喜
制御情報工学科,5,1,71591,卒業研究,小林　美緒
制御情報工学科,5,0,79514,制御工学３,福見　淳二
制御情報工学科,5,0,79520,計算機工学,岩佐　健司
制御情報工学科,5,0,79522,制御工学２,森住　昇
制御情報工学科,5,0,79529,ソフトウェア工学,獅々堀　正幹
制御情報工学科,5,0,79531,言語処理,田中　達治
制御情報工学科,5,0,79531,言語処理,岡本　浩行
制御情報工学科,5,0,79538,生産技術概論,田中　達治
制御情報工学科,5,0,79559,システム開発,田中　達治
制御情報工学科,5,0,79568,ＣＡＤシステム,田中　達治
制御情報工学科,5,0,79572,応用物理３,吉田　岳人
制御情報工学科,5,0,79585,信号処理基礎,伊丹　伸
制御情報工学科,5,0,79587,情報理論,中村　雄一
制御情報工学科,5,0,79589,ネットワーク技術,田中　達治
制御情報工学科,5,0,79597,材料工学３,神原　康雄
制御情報工学科,5,0,79598,材料工学２,神原　康雄
建設システム工学科,1,1,51101,ものづくり工学基礎,奥本　良博
建設システム工学科,1,1,51101,ものづくり工学基礎,中野　好典
建設システム工学科,1,1,51101,ものづくり工学基礎,福見　淳二
建設システム工学科,1,1,51101,ものづくり工学基礎,湯城　豊勝
建設システム工学科,1,1,51101,ものづくり工学基礎,松浦　史法
建設システム工学科,1,1,51101,ものづくり工学基礎,安田　武司
建設システム工学科,1,1,51101,ものづくり工学基礎,當宮　辰美
建設システム工学科,1,1,51101,ものづくり工学基礎,正木　和夫
建設システム工学科,1,1,51101,ものづくり工学基礎,中村　厚信
建設システム工学科,1,1,51101,ものづくり工学基礎,砂原　米彦
建設システム工学科,1,1,51101,ものづくり工学基礎,岩佐　健司
建設システム工学科,1,1,51101,ものづくり工学基礎,田中　達治
建設システム工学科,1,1,51101,ものづくり工学基礎,杉野　隆三郎
建設システム工学科,1,1,51101,ものづくり工学基礎,福田　耕治
建設システム工学科,1,1,51103,ものづくり工学実習,川畑　成之
建設システム工学科,1,1,51103,ものづくり工学実習,中村　雄一
建設システム工学科,1,1,51103,ものづくり工学実習,安野　恵実子
建設システム工学科,1,1,51103,ものづくり工学実習,松保　重之
建設システム工学科,1,1,51103,ものづくり工学実習,松本　高志
建設システム工学科,1,1,51103,ものづくり工学実習,小松　実
建設システム工学科,1,1,51103,ものづくり工学実習,釜野　勝
建設システム工学科,1,1,51103,ものづくり工学実習,岡本　浩行
建設システム工学科,1,1,51103,ものづくり工学実習,伊丹　伸
建設システム工学科,1,1,51103,ものづくり工学実習,一ノ瀬　元喜
建設システム工学科,1,1,51103,ものづくり工学実習,小林　美緒
建設システム工学科,1,1,51103,ものづくり工学実習,吉村　洋
建設システム工学科,1,1,51103,ものづくり工学実習,川上　周司
建設システム工学科,1,1,51105,デザイン基礎,多田　博夫
建設システム工学科,1,1,51105,デザイン基礎,島田　富美男
建設システム工学科,1,1,51105,デザイン基礎,森山　卓郎
建設システム工学科,1,1,51107,情報リテラシー,田中　達治
建設システム工学科,1,1,51107,情報リテラシー,岡本　浩行
建設システム工学科,1,1,51107,情報リテラシー,一ノ瀬　元喜
建設システム工学科,1,1,51107,情報リテラシー,小林　美緒
建設システム工学科,1,1,51107,情報リテラシー,上原　信知
建設システム工学科,2,1,81276,測量実習,堀井　克章
建設システム工学科,2,1,81276,測量実習,天野　泰宏
建設システム工学科,2,0,89269,ＣＡＤ製図,笹田　修司
建設システム工学科,2,0,89269,ＣＡＤ製図,島田　富美男
建設システム工学科,2,0,89283,環境生物学,大田　直友
建設システム工学科,3,1,81320,構造力学１,笹田　修司
建設システム工学科,3,1,81328,水理学１,湯城　豊勝
建設システム工学科,3,1,81330,土質工学１,吉村　洋
建設システム工学科,3,1,81376,測量実習,加藤　研二
建設システム工学科,3,1,81376,測量実習,川上　周司
建設システム工学科,3,0,89340,測量学２,加藤　研二
建設システム工学科,3,0,89369,建築製図,鳥羽　知夫
建設システム工学科,3,0,89369,建築製図,加藤　研二
建設システム工学科,3,0,89371,応用物理１,松尾　俊寛
建設システム工学科,3,0,89377,データ処理,島田　富美男
建設システム工学科,3,0,89377,データ処理,笹田　修司
建設システム工学科,4,1,81459,材料実験,天羽　和夫
建設システム工学科,4,1,81459,材料実験,堀井　克章
建設システム工学科,4,1,81459,材料実験,川上　周司
建設システム工学科,4,1,81487,土質実験,吉村　洋
建設システム工学科,4,1,81487,土質実験,加藤　研二
建設システム工学科,4,1,81487,土質実験,天野　泰宏
建設システム工学科,4,0,89410,プログラミング２,笹田　修司
建設システム工学科,4,0,89422,構造力学２,森山　卓郎
建設システム工学科,4,0,89426,水工学,島田　富美男
建設システム工学科,4,0,89426,水工学,湯城　豊勝
建設システム工学科,4,0,89428,水理学２,島田　富美男
建設システム工学科,4,0,89430,土質工学２,吉村　洋
建設システム工学科,4,0,89440,測量学３,加藤　研二
建設システム工学科,4,0,89444,コンクリート構造学１,天羽　和夫
建設システム工学科,4,0,89454,建設システム設計製図,加藤　研二
建設システム工学科,4,0,89454,建設システム設計製図,湯城　豊勝
建設システム工学科,4,0,89466,建設システム総合演習,天羽　和夫
建設システム工学科,4,0,89466,建設システム総合演習,島田　富美男
建設システム工学科,4,0,89466,建設システム総合演習,湯城　豊勝
建設システム工学科,4,0,89466,建設システム総合演習,堀井　克章
建設システム工学科,4,0,89466,建設システム総合演習,笹田　修司
建設システム工学科,4,0,89466,建設システム総合演習,松保　重之
建設システム工学科,4,0,89466,建設システム総合演習,吉村　洋
建設システム工学科,4,0,89466,建設システム総合演習,森山　卓郎
建設システム工学科,4,0,89466,建設システム総合演習,加藤　研二
建設システム工学科,4,0,89466,建設システム総合演習,大田　直友
建設システム工学科,4,0,89466,建設システム総合演習,川上　周司
建設システム工学科,4,0,89472,応用物理２,吉田　岳人
建設システム工学科,4,0,89478,応用数学１,今井　仁司
建設システム工学科,4,0,89480,応用数学２,杉野　隆三郎
建設システム工学科,4,0,89481,校外実習,堀井　克章
建設システム工学科,4,0,89488,構造工学１,松保　重之
建設システム工学科,4,0,89498,材料工学１,小西　智也
建設システム工学科,5,1,81502,水理実験,島田　富美男
建設システム工学科,5,1,81502,水理実験,湯城　豊勝
建設システム工学科,5,1,81504,環境実験,湯城　豊勝
建設システム工学科,5,1,81504,環境実験,川上　周司
建設システム工学科,5,1,81504,環境実験,大田　直友
建設システム工学科,5,1,81567,卒業研究,天羽　和夫
建設システム工学科,5,1,81567,卒業研究,島田　富美男
建設システム工学科,5,1,81567,卒業研究,湯城　豊勝
建設システム工学科,5,1,81567,卒業研究,堀井　克章
建設システム工学科,5,1,81567,卒業研究,笹田　修司
建設システム工学科,5,1,81567,卒業研究,松保　重之
建設システム工学科,5,1,81567,卒業研究,吉村　洋
建設システム工学科,5,1,81567,卒業研究,森山　卓郎
建設システム工学科,5,1,81567,卒業研究,加藤　研二
建設システム工学科,5,1,81567,卒業研究,大田　直友
建設システム工学科,5,1,81567,卒業研究,川上　周司
建設システム工学科,5,0,89506,応用材料学,堀井　克章
建設システム工学科,5,0,89511,景観工学,内野　輝明
建設システム工学科,5,0,89536,施工管理学,吉村　洋
建設システム工学科,5,0,89544,コンクリート構造学２,天羽　和夫
建設システム工学科,5,0,89549,都市計画,澤田　俊明
建設システム工学科,5,0,89552,地域計画,新居　照和
建設システム工学科,5,0,89553,建築計画,伊月　善彦
建設システム工学科,5,0,89554,建設システム設計製図,松保　重之
建設システム工学科,5,0,89572,応用物理３,吉田　岳人
建設システム工学科,5,0,89588,構造工学２,松保　重之
建設システム工学科,5,0,89590,構造解析学,森山　卓郎
建設システム工学科,5,0,89591,環境工学１,大田　直友
建設システム工学科,5,0,89592,環境工学２,川上　周司
建設システム工学科,5,0,89597,材料工学３,神原　康雄
建設システム工学科,5,0,89598,材料工学２,神原　康雄
