学年,クラス,出席番号,氏名,学籍番号,性別,学校略称名,氏（かな）,名（かな）,学科,専門番号,
1,1,1,粟田　祥,1115057,男,阿南第一,あわた,しょう,C,5,2011/4/1
1,1,2,石川　雅登,1112031,男,鴨島第一,いしかわ,まさと,E,3,2011/4/1
1,1,3,今本　雄飛,1111035,男,阿南,いまもと,ゆうひ,M,3,2011/4/1
1,1,4,大川　佳宏,1101064,男,上板,おおかわ,よしひろ,M,5,2011/4/1
1,1,5,岡川　大悟,1114069,男,鷲敷,おかがわ,だいご,S,6,2011/4/1
1,1,6,岡野　達樹,1111060,男,北島,おかの,たつき,M,7,2011/4/1
1,1,7,尾崎　竜樹,1114107,男,五色,おざき,りゅうき,S,10,2011/4/1
1,1,8,居石　峻寛,1115120,男,阿南,おりいし,たかひろ,C,12,2011/4/1
1,1,9,笠井　大輝,1115146,男,羽ノ浦,かさい,ひろき,C,14,2011/4/1
1,1,10,片山　恭輔,1111078,男,福井,かたやま,きょうすけ,M,8,2011/4/1
1,1,11,加渡　雅基,1111086,男,藍住,かど,まさき,M,9,2011/4/1
1,1,12,河野　碧為,1111094,男,鳴門,かわの,あおい,M,10,2011/4/1
1,1,13,清重　飛向,1114123,男,城西,きよしげ,ひなた,S,12,2011/4/1
1,1,14,倉橋　圭祐,1111132,男,阿南第一,くらはし,けいすけ,M,14,2011/4/1
1,1,15,栗山　桃子,1115162,女,小松島,くりやま,ももこ,C,16,2011/4/1
1,1,16,桑坂　晃太,1112147,男,羽ノ浦,くわさか,こうた,E,14,2011/4/1
1,1,17,鴻上　朝香,1114140,女,八万,こうがみ,あさか,S,14,2011/4/1
1,1,18,近藤　絢斗,1112155,男,北井上,こんどう,あやと,E,15,2011/4/1
1,1,19,斎藤　正也,1112163,男,鴨島第一,さいとう,まさや,E,16,2011/4/1
1,1,20,坂部　義将,1115189,男,八万,さかべ,よしまさ,C,18,2011/4/1
1,1,21,笹山　智洸,1112198,男,上八万,ささやま,ともひろ,E,19,2011/4/1
1,1,22,里谷　佳紀,1114174,男,津田,さとたに,よしき,S,17,2011/4/1
1,1,23,柴田　佳奈,1115219,女,辰美,しばた,かな,C,21,2011/4/1
1,1,24,清水　正仁,1115227,男,相生,しみず,まさひと,C,22,2011/4/1
1,1,25,正瑞　斗夢,1112228,男,鳴門第二,しょうずい,とむ,E,22,2011/4/1
1,1,26,竹内　秀行,1111213,男,椿町,たけうち,ひでゆき,M,23,2011/4/1
1,1,27,谷　大和,1114212,男,加茂谷,たに,やまと,S,21,2011/4/1
1,1,28,谷　隆輔,1111221,男,徳島,たに,りゅうすけ,M,24,2011/4/1
1,1,29,玉置　千咲子,1114220,女,那賀川,たまき,ちさこ,S,22,2011/4/1
1,1,30,槌井　優貴,1115260,女,富田,つちい,ゆうき,C,27,2011/4/1
1,1,31,中尾　愛,1112279,女,勝浦,なかお,あい,E,27,2011/4/1
1,1,32,中川　燎,1114247,男,吉野,なかがわ,りょう,S,24,2011/4/1
1,1,33,西尾　飛翔,1112295,男,鷲敷,にしお,つばさ,E,29,2011/4/1
1,1,34,堀内　悠暉,1115332,男,坂野,ほりうち,ゆうき,C,34,2011/4/1
1,1,35,宮?　賢治,1114352,男,川内,みやざき,けんじ,S,35,2011/4/1
1,1,36,森　崇芳,1111337,男,北島,もり,たかよし,M,35,2011/4/1
1,1,37,大和　勇輝,1112368,男,城西,やまと,ゆうき,E,36,2011/4/1
1,1,38,山本　浩平,1115383,男,椿町,やまもと,こうへい,C,39,2011/4/1
1,1,39,吉岡　迅,1112376,男,北井上,よしおか,じん,E,37,2011/4/1
1,1,40,吉川　直弥※,1114387,男,坂野,よしかわ,なおや,S,38,2011/4/1
1,1,41,米本　健,1111400,男,城西,よねもと,たける,M,43,2011/4/1
1,2,1,秋本　真宏,1115022,男,阿南,あきもと,まさひろ,C,2,2011/4/1
1,2,2,井内　正誠,1111027,男,小松島,いのうち,まさたか,M,2,2011/4/1
1,2,3,植田　航平,1111043,男,那賀川,うえた,こうへい,M,4,2011/4/1
1,2,4,大石　翔希,1115090,男,阿南第一,おおいし,しょうき,C,9,2011/4/1
1,2,5,大西　章太,1112058,男,鳴門第一,おおにし,しょうた,E,5,2011/4/1
1,2,6,岡田　涼希,1114085,男,阿波,おかだ,りょうき,S,8,2011/4/1
1,2,7,沖野　悠太,1114093,男,城東,おきの,ゆうた,S,9,2011/4/1
1,2,8,小原　慧介,1112082,男,立江,おはら,けいすけ,E,8,2011/4/1
1,2,9,川?　瀬波,1115154,女,阿南,かわさき,せな,C,15,2011/4/1
1,2,10,神崎　瑞月,1114115,女,小松島,かんざき,みずき,S,11,2011/4/1
1,2,11,喜田　佑弥,1111108,男,上八万,きた,ゆうや,M,11,2011/4/1
1,2,12,呉羽　祥,1115170,男,鳴門第一,くれは,しょう,C,17,2011/4/1
1,2,13,黒川　敦史,1112139,男,藍住東,くろかわ,あつし,E,13,2011/4/1
1,2,14,高野　翔吾,1114158,男,三野,こうの,しょうご,S,15,2011/4/1
1,2,15,下窪　駿,1112210,男,八万,したくぼ,しゅん,E,21,2011/4/1
1,2,16,四宮　堅豊,1115200,男,小松島,しのみや,けんと,C,20,2011/4/1
1,2,17,助田　哲也,1111167,男,椿町,すけだ,てつや,M,17,2011/4/1
1,2,18,武市　修輔,1101242,男,八万,たけいち,しゅうすけ,M,22,2011/4/1
1,2,19,武田　恭佳,1112244,女,阿南,たけだ,やすか,E,24,2011/4/1
1,2,20,立花　朱菜,1115251,女,鳴門,たちばな,あやな,C,26,2011/4/1
1,2,21,椿野　詠美,1115278,女,日和佐,つばきの,えみ,C,28,2011/4/1
1,2,22,虎尾　朱里,1114239,女,阿南,とらお,あかり,S,23,2011/4/1
1,2,23,中　真一郎,1112260,男,高浦,なか,しんいちろう,E,26,2011/4/1
1,2,24,西田　心,1111248,男,勝浦,にしだ,こころ,M,26,2011/4/1
1,2,25,新田　純也,1112309,男,阿南第一,にった,じゅんや,E,30,2011/4/1
1,2,26,野口　航平,1112317,男,小松島,のぐち,こうへい,E,31,2011/4/1
1,2,27,原田　拓実,1115294,男,阿南,はらだ,たくみ,C,30,2011/4/1
1,2,28,肥田　直也,1111256,男,羽ノ浦,ひだ,なおや,M,27,2011/4/1
1,2,29,藤井　一輝,1114298,男,大麻,ふじい,かずき,S,29,2011/4/1
1,2,30,藤川　和也,1114301,男,三加茂,ふじかわ,かずや,S,30,2011/4/1
1,2,31,藤澤　哲広,1115324,男,阿南,ふじさわ,あきひろ,C,33,2011/4/1
1,2,32,藤田　龍司,1114310,男,那賀川,ふじた,りゅうじ,S,31,2011/4/1
1,2,33,松?　瑞貴,1114328,女,加茂谷,まつざき,みずき,S,32,2011/4/1
1,2,34,松下　拓矢,1111280,男,阿南,まつした,たくや,M,30,2011/4/1
1,2,35,三木　和真,1112333,男,山川,みき,かずま,E,33,2011/4/1
1,2,36,宮本　孝亮,1111310,男,鳴門第二,みやもと,こうすけ,M,33,2011/4/1
1,2,37,三好　和浩,1111329,男,坂野,みよし,かずひろ,M,34,2011/4/1
1,2,38,本木　健斗,1114360,男,阿南,もとき,けんと,S,36,2011/4/1
1,2,39,森本　直樹,1111345,男,川内,もりもと,なおき,M,36,2011/4/1
1,2,40,吉川　大介,1112384,男,板野,よしかわ,だいすけ,E,38,2011/4/1
1,2,41,渡辺　桂太郎,1115405,男,高浦,わたなべ,けいたろう,C,41,2011/4/1
1,3,1,安宅　侑里,1115030,女,阿南,あたけ,ゆり,C,3,2011/4/1
1,3,2,阿部　暉,1115049,女,山川,あべ,ひかり,C,4,2011/4/1
1,3,3,荒?　拓也,1112023,男,板野,あらせ,たくや,E,2,2011/4/1
1,3,4,井内　大海,1115065,男,石井,いうち,たいが,C,6,2011/4/1
1,3,5,市原　宗磨,1115073,男,大麻,いちはら,そうま,C,7,2011/4/1
1,3,6,井上　達郎,1114018,男,城西,いのうえ,たつろう,S,1,2011/4/1
1,3,7,氏師　和希,1112040,男,八万,うじし,かずき,E,4,2011/4/1
1,3,8,逢坂　涼太郎,1114034,男,板野,おおさか,りょうたろう,S,3,2011/4/1
1,3,9,大西　智樹,1111051,男,藍住,おおにし,ともき,M,6,2011/4/1
1,3,10,大宮　誠,1112066,男,八万,おおみや,まこと,E,6,2011/4/1
1,3,11,表木　直斗,1115111,男,福井,おもてぎ,なおと,C,11,2011/4/1
1,3,12,勝島　大介,1112090,男,南部,かつしま,だいすけ,E,9,2011/4/1
1,3,13,金森　滉人,1112104,男,八万,かなもり,こうひと,E,10,2011/4/1
1,3,14,亀井　涼,1112112,男,藍住,かめい,りょう,E,11,2011/4/1
1,3,15,北島　杜朗,1111116,男,鳴門第一,きたじま,もりお,M,12,2011/4/1
1,3,16,久米　健互,1111124,男,新野,くめ,けんご,M,13,2011/4/1
1,3,17,郡　尚太,1114166,男,由岐,こおり,しょうた,S,16,2011/4/1
1,3,18,佐光　望,1112180,男,城西,さこう,のぞみ,E,18,2011/4/1
1,3,19,笹岡　海舟,1115197,男,那賀川,ささおか,かいしゅう,C,19,2011/4/1
1,3,20,庄野　夏生,1114182,男,小松島,しょうの,なつき,S,18,2011/4/1
1,3,21,白石　竜生,1114190,男,南部,しらいし,りゅうせい,S,19,2011/4/1
1,3,22,数藤　梨紗,1111175,女,羽ノ浦,すとう,りさ,M,18,2011/4/1
1,3,23,大黒　嵩浩,1115235,男,日和佐,だいこく,たかひろ,C,24,2011/4/1
1,3,24,?川　祐加,1111183,女,三加茂,たかがわ,ゆか,M,19,2011/4/1
1,3,25,竹林　竜,1115243,男,池田,たけばやし,りゅう,C,25,2011/4/1
1,3,26,土橋　千尋,1112252,女,小松島,つちはし,ちひろ,E,25,2011/4/1
1,3,27,長江　一輝,1115286,男,南部,ながえ,かずき,C,29,2011/4/1
1,3,28,中野　政利,1114255,男,上那賀,なかの,まさとし,S,25,2011/4/1
1,3,29,仁井　千裕,1114271,男,富田,にい,ちひろ,S,27,2011/4/1
1,3,30,仁木　将太,1111230,男,北島,にき,しょうた,M,25,2011/4/1
1,3,31,�髭本　大輝,1114280,男,小松島,はまもと,だいき,S,28,2011/4/1
1,3,32,福田　滉人,1115316,男,阿南,ふくた,ひろと,C,32,2011/4/1
1,3,33,松田　拓也,1114336,男,阿南第一,まつだ,たくや,S,33,2011/4/1
1,3,34,眞部　健,1111299,男,穴吹,まなべ,けん,M,31,2011/4/1
1,3,35,溝添　敦士,1111302,男,南部,みぞぞえ,あつし,M,32,2011/4/1
1,3,36,宮田　優一,1112350,男,北島,みやた,ゆういち,E,35,2011/4/1
1,3,37,山内　勇人,1111361,男,上八万,やまうち,ゆうと,M,38,2011/4/1
1,3,38,湯浅　大貴,1101382,男,阿南第一,ゆあさ,だいき,M,39,2011/4/1
1,3,39,横川　昂宏,1111370,男,上八万,よこかわ,たかひろ,M,40,2011/4/1
1,3,40,吉積　沙瑛,1114395,女,阿南,よしづみ,さえ,S,39,2011/4/1
1,3,41,米田　大輔,1112406,男,鳴門第二,よねだ,だいすけ,E,40,2011/4/1
1,4,1,明石　直　也,1115014,男,徳島,あかし,なおや,C,1,2011/4/1
1,4,2,朝井　加奈子,1112015,女,羽ノ浦,あさい,かなこ,E,1,2011/4/1
1,4,3,一色　麟太郎,1111019,男,南部,いっしき,りんたろう,M,1,2011/4/1
1,4,4,井上　雅貴,1114026,男,鳴門,いのうえ,まさき,S,2,2011/4/1
1,4,5,上本　泰平,1115081,男,小松島,うえもと,たいへい,C,8,2011/4/1
1,4,6,大嶋　豊,1114042,男,城東,おおしま,ゆたか,S,4,2011/4/1
1,4,7,大場　優里,1114050,女,上那賀,おおば,ゆうり,S,5,2011/4/1
1,4,8,大平　澪,1115103,男,勝浦,おおひら,れい,C,10,2011/4/1
1,4,9,岡田　裕生,1114077,男,城東,おかだ,ゆうき,S,7,2011/4/1
1,4,10,小川　直哉,1112074,男,小松島,おがわ,なおや,E,7,2011/4/1
1,4,11,折野　菜美,1115138,女,新野,おりの,なみ,C,13,2011/4/1
1,4,12,喜井　大揮,1112120,男,由岐,きい,だいき,E,12,2011/4/1
1,4,13,栗作　武宏,1114131,男,那賀川,くりさく,たけひろ,S,13,2011/4/1
1,4,14,坂本　直生,1112171,男,阿南,さかもと,なおき,E,17,2011/4/1
1,4,15,佐藤　惇平,1112201,男,日和佐,さとう,じゅんぺい,E,20,2011/4/1
1,4,16,芝原　恭介,1111140,男,阿南,しばはら,きょうすけ,M,15,2011/4/1
1,4,17,清水　雄大,1111159,男,城東,しみず,ゆうだい,M,16,2011/4/1
1,4,18,杉本　崇将,1105221,男,阿南第一,すぎもと,たかまさ,C,23,2011/4/1
1,4,19,曽我部　美奈,1112236,女,那賀川,そがべ,みな,E,23,2011/4/1
1,4,20,?木　雄平,1114204,男,川島,たかぎ,ゆうへい,S,20,2011/4/1
1,4,21,高島　直輝,1111191,男,上那賀,たかしま,なおき,M,20,2011/4/1
1,4,22,瀧根　翔馬,1111205,男,阿南,たきね,しょうま,M,21,2011/4/1
1,4,23,中村　亨,1112287,男,石井,なかむら,とおる,E,28,2011/4/1
1,4,24,中山　瑞稀,1114263,男,北島,なかやま,みずき,S,26,2011/4/1
1,4,25,坂東　和将,1115308,男,国府,ばんどう,かずゆき,C,31,2011/4/1
1,4,26,福田　傑,1111264,男,相生,ふくた,すぐる,M,28,2011/4/1
1,4,27,傍示　純平,1112325,男,上勝,ほうじ,じゅんぺい,E,32,2011/4/1
1,4,28,前田　真希,1111272,女,市場,まえだ,まき,M,29,2011/4/1
1,4,29,牧本　佳樹,1115340,男,土成,まきもと,よしき,C,35,2011/4/1
1,4,30,松田　力仁,1115359,男,阿南第二,まつだ,りきと,C,36,2011/4/1
1,4,31,松田　良太,1115367,男,貞光,まつだ,りょうた,C,37,2011/4/1
1,4,32,松本　拓也,1114344,男,阿南第一,まつもと,たくや,S,34,2011/4/1
1,4,33,宮田　尭,1112341,男,坂野,みやた,たかし,E,34,2011/4/1
1,4,34,三代木　基,1115375,男,御原,みよき,はじめ,C,38,2011/4/1
1,4,35,柳川　誠陽,1111353,男,青雲,やながわ,ともはる,M,37,2011/4/1
1,4,36,山之口　諒,1114379,男,津田,やまのくち,りょう,S,37,2011/4/1
1,4,37,湯浅　和紀,1115391,男,新野,ゆあさ,かずき,C,40,2011/4/1
1,4,38,吉成　和輝,1112392,男,城西,よしなり,かずき,E,39,2011/4/1
1,4,39,米田　塔也,1111388,男,羽ノ浦,よねだ,とうや,M,41,2011/4/1
1,4,40,米田　稜,1111396,男,鳴門第一,よねだ,りょう,M,42,2011/4/1
1,4,41,米本　歩未,1114409,女,小松島,よねもと,あゆみ,S,40,2011/4/1
2,M,1,明　雅大,1101013,男,川島,あかし,まさひろ,M,1,2010/4/1
2,M,2,伊賀　雅文,1105035,男,北島,いが,まさふみ,M,2,2010/4/1
2,M,3,猪口　直哉,1101021,男,阿南第二,いぐち,なおや,M,3,2010/4/1
2,M,4,池田　竜馬,1101030,男,阿南,いけだ,たつま,M,4,2010/4/1
2,M,5,石橋　衛,1105060,男,阿南第一,いしばし,まもる,M,5,2010/4/1
2,M,6,井原　史朗,1101048,男,鳴門第一,いはら,しろう,M,6,2010/4/1
2,M,7,岩瀬　一輝,1101056,男,那賀川,いわせ,かずき,M,7,2010/4/1
2,M,8,榎並　祐,1105108,男,城西,えなみ,ゆう,M,8,2010/4/1
2,M,9,大窪　康介,1101072,男,市場,おおくぼ,こうすけ,M,9,2010/4/1
2,M,10,大城　一平,1104098,男,上勝,おおしろ,いっぺい,M,10,2010/4/1
2,M,11,大場　凌,1104101,男,上那賀,おおば,りょう,M,11,2010/4/1
2,M,12,片矢　慎太郎,1101102,男,由岐,かたや,しんたろう,M,12,2010/4/1
2,M,13,上浦　育実,1101110,男,池田,かみうら,いくみ,M,13,2010/4/1
2,M,14,岸野　龍也,1105167,男,阿南第二,きしの,りゅうや,M,14,2010/4/1
2,M,15,鯉淵　愛,1104152,女,八万,こいぶち,あい,M,15,2010/4/1
2,M,16,古上　佑貴,1101129,男,阿南第一,こがみ,ゆうき,M,16,2010/4/1
2,M,17,斉藤　一大,1101137,男,小松島,さいとう,かずひろ,M,17,2010/4/1
2,M,18,佐藤　和馬,1101145,男,坂野,さとう,かずま,M,18,2010/4/1
2,M,19,佐藤　克城,1101153,男,那賀川,さとう,かつき,M,19,2010/4/1
2,M,20,佐藤　孝則,1101161,男,穴吹,さとう,たかのり,M,20,2010/4/1
2,M,21,里見　賢治,1104179,男,大麻,さとみ,けんじ,M,21,2010/4/1
2,M,22,早苗　翼,1101170,男,阿南,さなえ,つばさ,M,22,2010/4/1
2,M,23,杉本　大,1101218,男,阿南,すぎもと,だい,M,23,2010/4/1
2,M,24,鈴江　崇央,1101226,男,阿南,すずえ,たかひろ,M,24,2010/4/1
2,M,25,?藤　柚,1101234,男,勝浦,たかふじ,ゆう,M,25,2010/4/1
2,M,26,田渕　武尊,1101269,男,阿南第一,たぶち,たける,M,26,2010/4/1
2,M,27,田村　仁,1101277,男,城東,たむら,じん,M,27,2010/4/1
2,M,28,長野　明,1101285,男,由岐中学,ながの,あきら,M,28,2010/4/1
2,M,29,野田　晃貴,1101293,男,木屋平,のた,こおき,M,29,2010/4/1
2,M,30,林　達也,1101315,男,入田,はやし,たつや,M,30,2010/4/1
2,M,31,原田　京典,1101323,男,阿南,はらだ,きょうすけ,M,31,2010/4/1
2,M,32,藤岡　賢志,1104314,男,三野,ふじおか,さとし,M,32,2010/4/1
2,M,33,藤原　正也,1102257,男,加茂名,ふじわら,まさや,M,33,2010/4/1
2,M,34,本田　誉浩,1105302,男,小松島,ほんだ,たかひろ,M,34,2010/4/1
2,M,35,前橋　勇治,1101358,男,羽ノ浦,まえはし,ゆうじ,M,35,2010/4/1
2,M,36,増金　耕太,1102265,男,鳴門第一,ますかね,こうた,M,36,2010/4/1
2,M,37,松田　泰光,1105310,男,城西,まつだ,よしてる,M,37,2010/4/1
2,M,38,宮本　直人,1104357,男,鳴門第一,みやもと,なおと,M,38,2010/4/1
2,M,39,柳田　海斗,1101374,男,阿南第一,やなぎだ,かいと,M,39,2010/4/1
2,M,40,山本　周平,1105388,男,加茂谷,やまもと,しゅうへい,M,40,2010/4/1
2,M,41,湯浅　宥耶,1105400,男,阿南第一,ゆあさ,ゆうや,M,41,2010/4/1
2,M,42,吉田　貴大,1101390,男,上板,よしだ,たかひろ,M,42,2010/4/1
2,E,1,粟飯原　史門,1105019,男,八万,あいはら,ふみと,E,1,2010/4/1
2,E,2,阿竹　佑貴,1102010,男,阿南,あたけ,ゆうき,E,2,2010/4/1
2,E,3,井内　豊,1102028,男,市場,いうち,ゆたか,E,3,2010/4/1
2,E,4,池内　莉紗,1105043,女,阿南,いけうち,りさ,E,4,2010/4/1
2,E,5,井關　秀史,1104047,男,八万,いせき,ひでふみ,E,5,2010/4/1
2,E,6,稲井　悠,1104055,男,吉野,いない,ゆう,E,6,2010/4/1
2,E,7,榎本　雅仁,1102036,男,南淡,えのもと,まさひと,E,7,2010/4/1
2,E,8,遠藤　廉,1104071,男,城東,えんどう,れん,E,8,2010/4/1
2,E,9,大石　悠紀,1102044,男,坂野,おおいし,ゆうき,E,9,2010/4/1
2,E,10,大岡　勇貴,1105116,男,鴨島第一,おおおか,ゆうき,E,10,2010/4/1
2,E,11,岡本　佳樹,1102060,男,椿町,おかもと,よしき,E,11,2010/4/1
2,E,12,桶土井　健太,1105124,男,津名,おけどい,けんた,E,12,2010/4/1
2,E,13,梯　亮介,1102087,男,藍住,かけはし,りょうすけ,E,13,2010/4/1
2,E,14,北　祐人※,1104136,男,川内,きた,ゆうと,E,14,2010/4/1
2,E,15,久保　俊輔,1102095,男,川島,くぼ,しゅんすけ,E,15,2010/4/1
2,E,16,幸内　康宏,1102109,男,脇町,こううち,やすひろ,E,16,2010/4/1
2,E,17,坂田　晋之介,1102133,男,津田,さかた,しんのすけ,E,17,2010/4/1
2,E,18,佐野　遥香,1101188,女,小松島,さの,はるか,E,18,2010/4/1
2,E,19,品川　康典,1101196,男,上八万,しながわ,やすのり,E,19,2010/4/1
2,E,20,関原　紘太郎,1102150,男,板野,せきはら,こうたろう,E,20,2010/4/1
2,E,21,瀬尾　翔輝,1102168,男,鴨島東,せのお,しょうき,E,21,2010/4/1
2,E,22,園木　駿,1102176,男,美馬,そのぎ,しゅん,E,22,2010/4/1
2,E,23,中山　翔太,1102206,男,川内,なかやま,しょうた,E,23,2010/4/1
2,E,24,平井　智士,1102222,男,坂野,ひらい,さとし,E,24,2010/4/1
2,E,25,平野　有稀也,1102230,男,那賀川,ひらの,ゆきや,E,25,2010/4/1
2,E,26,藤田　恭士,1102249,男,那賀川,ふじた,ゆきと,E,26,2010/4/1
2,E,27,町口　雄太,1102273,男,上板,まちぐち,ゆうた,E,27,2010/4/1
2,E,28,松下　拓海,1102281,男,板野,まつした,たくみ,E,28,2010/4/1
2,E,29,美浦　佑介,1102303,男,小松島,みうら,ゆうすけ,E,29,2010/4/1
2,E,30,美馬　遥樹,1102311,男,八万,みま,はるき,E,30,2010/4/1
2,E,31,三宅　勇輝,1102338,男,阿南,みやけ,ゆうき,E,31,2010/4/1
2,E,32,宮田　真樹,1102346,男,南部,みやた,まさき,E,32,2010/4/1
2,E,33,向　海斗,1102354,男,鳴門第一,むかい,かいと,E,33,2010/4/1
2,E,34,元木　裕之,1102362,男,山川,もとき,ひろゆき,E,34,2010/4/1
2,E,35,森本　健太朗,1102370,男,富田,もりもと,けんたろう,E,35,2010/4/1
2,E,36,山上　祐美,1105370,女,阿南,やまがみ,ゆうみ,E,36,2010/4/1
2,E,37,山口　亜希,1104365,女,藍住東,やまぐち,あき,E,37,2010/4/1
2,E,38,吉岡　大地,1102397,男,阿南,よしおか,だいち,E,38,2010/4/1
2,E,39,吉丸　舟,1104390,男,生光学園,よしまる,しゅう,E,39,2010/4/1
2,E,40,若山　美穂,1102400,女,羽ノ浦,わかやま,みほ,E,40,2010/4/1
2,S,1,生駒　健,1104020,男,板野,いこま,たけし,S,1,2010/4/1
2,S,2,石川　千尋,1105051,女,加茂名,いしかわ,ちひろ,S,2,2010/4/1
2,S,3,石部　健太,1104039,男,海部,いしべ,けんた,S,3,2010/4/1
2,S,4,井元　千夏,1104063,女,阿南,いもと,ちなつ,S,4,2010/4/1
2,S,5,岡田　大樹,1101099,男,板野,おかだ,ひろき,S,5,2010/4/1
2,S,6,梶川　凌,1104128,男,鳴教附属,かじかわ,りょう,S,6,2010/4/1
2,S,7,鎌田　志星,1105132,女,藍住,かまだ,しほ,S,7,2010/4/1
2,S,8,北原　竣華,1104144,女,加茂谷,きたはら,しゅんか,S,8,2010/4/1
2,S,9,神戸　久輝,1102117,男,石井,こうべ,ひさき,S,9,2010/4/1
2,S,10,坂本　康征,1074172,男,羽ノ浦,さかもと,こうせい,S,10,2010/4/1
2,S,11,佐古　貴紀,1104160,男,城東,さこ,たかのり,S,11,2010/4/1
2,S,12,篠原　あおい,1104187,女,羽ノ浦,しのはら,あおい,S,12,2010/4/1
2,S,13,篠原　慎吾,1105205,男,福井,しのはら,しんご,S,13,2010/4/1
2,S,14,篠原　大輝,1104195,男,阿南,しのはら,ひろき,S,14,2010/4/1
2,S,15,篠原　諒恭,1104209,男,坂野,しのはら,りょうすけ,S,15,2010/4/1
2,S,16,下田　誉,1102141,男,石井,しもだ,ほまれ,S,16,2010/4/1
2,S,17,鈴江　翔樹,1104217,男,国府,すずえ,しょうき,S,17,2010/4/1
2,S,18,炭谷　晋司,1104225,男,阿南第二,すみたに,しんじ,S,18,2010/4/1
2,S,19,?曽根　遥香,1102184,女,藍住東,たかそね,はるか,S,19,2010/4/1
2,S,20,田上　真一郎,1104233,男,小松島,たがみ,しんいちろう,S,20,2010/4/1
2,S,21,瀧本　大介,1104241,男,阿南第二,たきもと,だいすけ,S,21,2010/4/1
2,S,22,武田　恒,1101250,男,阿南,たけだ,ひさし,S,22,2010/4/1
2,S,23,東海　勇樹,1102192,男,国府,とうかい,ゆうき,S,23,2010/4/1
2,S,24,野上　貴弘,1104250,男,小松島,のがみ,たかひろ,S,24,2010/4/1
2,S,25,野本　滉,1104268,男,津田,のもと,あきら,S,25,2010/4/1
2,S,26,橋本　成,1101307,男,由岐,はしもと,なる,S,26,2010/4/1
2,S,27,英　奈津子,1104276,女,小松島,はなぶさ,なつこ,S,27,2010/4/1
2,S,28,東手　理貴,1104284,男,石井,ひがしで,りき,S,28,2010/4/1
2,S,29,樋富　奈穂,1105272,女,阿南,ひとみ,なほ,S,29,2010/4/1
2,S,30,福岡　菜江,1105280,女,上板,ふくおか,なえ,S,30,2010/4/1
2,S,31,福田　剛,1104292,男,那賀川,ふくた,ごう,S,31,2010/4/1
2,S,32,福田　竜平,1104306,男,阿南,ふくた,りょうへい,S,32,2010/4/1
2,S,33,藤本　拓人,1104322,男,石井,ふじもと,ひろと,S,33,2010/4/1
2,S,34,本浄　定俊,1104330,男,鴨島東,ほんじょう,さだとし,S,34,2010/4/1
2,S,35,松田　拓弥,1104349,男,阿南,まつだ,たくや,S,35,2010/4/1
2,S,36,松村　利彦,1102290,男,板野,まつむら,としひこ,S,36,2010/4/1
2,S,37,森井　理智,1101366,男,鳴教附属,もりい,みちとも,S,37,2010/4/1
2,S,38,山下　千晶,1104373,女,上板,やました,ちあき,S,38,2010/4/1
2,S,39,山田　一輝,1104381,男,南部,やまだ,かずき,S,39,2010/4/1
2,S,40,鷲津　京,1101404,男,羽ノ浦,わしづ,きょう,S,40,2010/4/1
2,C,1,阿部　将志,1104012,男,川島,あべ,まさし,C,1,2010/4/1
2,C,2,天羽　智大,1105027,男,阿南第一,あもう,ともひろ,C,2,2010/4/1
2,C,3,今出　圭哉,1105078,男,羽ノ浦,いまで,よしや,C,3,2010/4/1
2,C,4,上邨　知輝,1105086,男,両荘,うえむら,ともき,C,4,2010/4/1
2,C,5,氏師　悠貴,1105094,男,加茂谷,うじし,はるき,C,5,2010/4/1
2,C,6,大久保　薫,1104080,男,阿南第一,おおくぼ,かおる,C,6,2010/4/1
2,C,7,大鹿　祐介,1104110,男,阿南,おおしか,ゆうすけ,C,7,2010/4/1
2,C,8,大田　憲宏,1101080,男,国府,おおた,のりひろ,C,8,2010/4/1
2,C,9,大坪　郁也,1102052,男,由岐,おおつぼ,ふみや,C,9,2010/4/1
2,C,10,角谷　龍成,1102079,男,椿町,かくたに,りゅうせい,C,10,2010/4/1
2,C,11,川上　千穂,1105140,女,石井,かわかみ,ちほ,C,11,2010/4/1
2,C,12,川西　浩進,1105159,男,阿南第一,かわにし,ひろのぶ,C,12,2010/4/1
2,C,13,木村　政基,1105175,男,鳴門第二,きむら,まさき,C,13,2010/4/1
2,C,14,三枝　健太,1105183,男,立江,さえぐさ,けんた,C,14,2010/4/1
2,C,15,坂井　公樹,1102125,男,三加茂,さかい,こうき,C,15,2010/4/1
2,C,16,澤田　竜士,1105191,男,南部,さわだ,りゅうじ,C,16,2010/4/1
2,C,17,四宮　嵐,1105213,男,阿南,しのみや,あらし,C,17,2010/4/1
2,C,18,島?　仁也,1095161,男,宍喰,しまざき,じんや,C,18,2010/4/1
2,C,19,杉原　基紀,1101200,男,阿南,すぎはら,もとき,C,19,2010/4/1
2,C,20,中飯　久美子,1105230,女,阿南,なかい,くみこ,C,20,2010/4/1
2,C,21,中川　椋太,1105248,男,新野,なかがわ,りょうた,C,21,2010/4/1
2,C,22,南部　貴介,1105256,男,徳島,なんぶ,きすけ,C,22,2010/4/1
2,C,23,西岡　昌哉,1105264,男,阿南第一,にしおか,まさや,C,23,2010/4/1
2,C,24,西川　諒祐,1095242,男,広田,にしかわ,りょうすけ,C,24,2010/4/1
2,C,25,挾谷　黎音,1091271,男,羽ノ浦,はさみだに,りおん,C,25,2010/4/1
2,C,26,浜田　真宏,1102214,男,八万,はまだ,まさひろ,C,26,2010/4/1
2,C,27,板東　一敬,1101331,男,上八万,ばんどう,かずたか,C,27,2010/4/1
2,C,28,坂東　勇飛,1101340,男,鳴門第二,ばんどう,ゆうひ,C,28,2010/4/1
2,C,29,福山　慎太郎,1105299,男,鳴教附属,ふくやま,しんたろう,C,29,2010/4/1
2,C,30,丸山　翼,1105329,男,新野,まるやま,つばさ,C,30,2010/4/1
2,C,31,南　遥奈,1105337,女,阿南第二,みなみ,はるな,C,31,2010/4/1
2,C,32,南　優斗,1105345,男,八万,みなみ,ゆうと,C,32,2010/4/1
2,C,33,宮内　和音,1105353,男,阿南第一,みやうち,かずね,C,33,2010/4/1
2,C,34,宮尾　淳,1102320,男,北島,みやお,じゅん,C,34,2010/4/1
2,C,35,宮?　優治,1105361,男,大麻,みやざき,ゆうじ,C,35,2010/4/1
2,C,36,山本　将平,1105396,男,鴨島東,やまもと,しょうへい,C,36,2010/4/1
2,C,37,米澤　創,1104403,男,板野,よねざわ,そう,C,37,2010/4/1
3,M,1,青木　龍太,1092014,男,市場,あおき,りょうた,M,1,2009/4/1
3,M,2,天野　雄太,1095030,男,徳島,あまの,ゆうた,M,2,2009/4/1
3,M,3,天羽　健太,1081039,男,南部,あもう,けんた,M,3,2009/4/1
3,M,4,伊藤　帆高,1092049,男,福井,いとう,ほだか,M,4,2009/4/1
3,M,5,上田　哲平,1091018,男,小松島,うえた,てっぺい,M,5,2009/4/1
3,M,6,牛尾　享裕,1091026,男,川内,うしお,たかひろ,M,6,2009/4/1
3,M,7,賀川　知輝,1091050,男,大麻,かがわ,ともき,M,7,2009/4/1
3,M,8,香川　仁志,1091069,男,阿波,かがわ,ひとし,M,8,2009/4/1
3,M,9,勝占　達也,1071076,男,南部,かつら,たつや,M,9,2009/4/1
3,M,10,金磯　辰哉,1091077,男,北灘,かないそ,たつや,M,10,2009/4/1
3,M,11,株木　祐介,1095137,男,羽ノ浦,かぶき,ゆうすけ,M,11,2009/4/1
3,M,12,鎌田　雅樹,1091085,男,阿南第二,かまだ,まさき,M,12,2009/4/1
3,M,13,亀川　大,1091093,男,阿南第一,かめがわ,だい,M,13,2009/4/1
3,M,14,川口　雄大,1091107,男,羽ノ浦,かわぐち,ゆうた,M,14,2009/4/1
3,M,15,河野　博文,1091115,男,鴨島第一,かわの,ひろふみ,M,15,2009/4/1
3,M,16,木具　大樹,1091131,男,那賀川,きぐ,たいき,M,16,2009/4/1
3,M,17,久保　翔万,1091158,男,松茂,くぼ,しょうま,M,17,2009/4/1
3,M,18,西條　裕也,1091166,男,板野,さいじょう,ゆうや,M,18,2009/4/1
3,M,19,三枝　右弥,1092197,男,羽ノ浦,さえぐさ,ゆうや,M,19,2009/4/1
3,M,20,下窪　早紀,1094149,女,加茂名,したくぼ,さき,M,20,2009/4/1
3,M,21,篠原　誠,1091182,男,日和佐,しのはら,まこと,M,21,2009/4/1
3,M,22,島田　颯人,1091190,男,小松島,しまだ,はやと,M,22,2009/4/1
3,M,23,シャワル,1091417,男,,しゃわる,,M,23,2009/4/1
3,M,24,菅生　雅人,1091204,男,鴨島第一,すげおい,まさと,M,24,2009/4/1
3,M,25,?川　裕太,1091212,男,三加茂,たかがわ,ゆうた,M,25,2009/4/1
3,M,26,武田　直也,1091220,男,那賀川,たけだ,なおや,M,26,2009/4/1
3,M,27,豊?　一輝,1091239,男,日和佐,とよさき,かずき,M,27,2009/4/1
3,M,28,長町　周,1091247,男,津田,ながまち,しゅう,M,28,2009/4/1
3,M,29,中村　亜月,1094254,女,坂野,なかむら,あづき,M,29,2009/4/1
3,M,30,新居　賢人,1094262,男,徳島,にい,けんと,M,30,2009/4/1
3,M,31,西岡　耀,1071289,男,藍住東,にしおか,あきら,M,31,2009/4/1
3,M,32,狹子　祥平,1095250,男,阿南第二,はざこ,しょうへい,M,32,2009/4/1
3,M,33,林　恭丞,1091298,男,羽ノ浦,はやし,きょうすけ,M,33,2009/4/1
3,M,34,原田　雄史,1095285,男,上板,はらだ,ゆうし,M,34,2009/4/1
3,M,35,布川　裕貴,1091301,男,藍住東,ふかわ,ゆうき,M,35,2009/4/1
3,M,36,藤田　優輝,1091310,男,椿町,ふじた,ゆうき,M,36,2009/4/1
3,M,37,前野　広大,1091328,男,城西,まえの,こうだい,M,37,2009/4/1
3,M,38,森　浩紀,1091336,男,那賀川,もり,ひろき,M,38,2009/4/1
3,M,39,安村　泰輝,1091352,男,城西,やすむら,たいき,M,39,2009/4/1
3,M,40,山脇　周大,1095382,男,阿南,やまわき,しゅうだい,M,40,2009/4/1
3,M,41,横手　由紀子,1095390,女,阿南第一,よこて,ゆきこ,M,41,2009/4/1
3,M,42,吉?　伸,1091379,男,津田,よしざき,しん,M,42,2009/4/1
3,M,43,吉田　竜如※,1091387,男,羽ノ浦,よしだ,たつゆき,M,43,2009/4/1
3,M,44,吉積　直希,1091395,男,阿南,よしづみ,なおき,M,44,2009/4/1
3,M,45,吉成　卓真,1091409,男,川内,よしなり,たくま,M,45,2009/4/1
3,E,1,浅利　純也,1095021,男,立江,あさり,じゅんや,E,1,2009/4/1
3,E,2,アシュラフ,1092413,男,,あしゅらふ,,E,2,2009/4/1
3,E,3,東　元気,1092030,男,阿南第一,あずま,げんき,E,3,2009/4/1
3,E,4,乾　福明,1092057,男,北島,いぬい,としあき,E,4,2009/4/1
3,E,5,井上　明日香,1094033,女,那賀川,いのうえ,あすか,E,5,2009/4/1
3,E,6,井上　秀文,1092065,男,勝浦,いのうえ,ひでふみ,E,6,2009/4/1
3,E,7,岩金　弘樹,1092073,男,小松島,いわかね,ひろき,E,7,2009/4/1
3,E,8,上田　和輝,1092081,男,藍住東,うえた,かずき,E,8,2009/4/1
3,E,9,エムハ,1092421,男,,えむは,,E,9,2009/4/1
3,E,10,奥野　晃平,1092090,男,上那賀,おくの,こうへい,E,10,2009/4/1
3,E,11,角石　健介,1092103,男,津田,かくいし,けんすけ,E,11,2009/4/1
3,E,12,陰山　和樹※,1094084,男,藍住,かげやま,かずき,E,12,2009/4/1
3,E,13,鎌田　祐衣,1094092,女,城東,かまだ,ゆい,E,13,2009/4/1
3,E,14,河口　巧,1092138,男,小松島,かわぐち,たくみ,E,14,2009/4/1
3,E,15,河野　隼平,1092154,男,鴨島第一,かわの,じゅんぺい,E,15,2009/4/1
3,E,16,川邊　賢也,1091123,男,牟岐,かわべ,けんや,E,16,2009/4/1
3,E,17,岸浜　勝也,1095145,男,鳴門,きしはま,かつや,E,17,2009/4/1
3,E,18,木下　拓海,1092162,男,三野,きのした,たくみ,E,18,2009/4/1
3,E,19,楠　涼也,1092170,男,勝浦,くす,りょうや,E,19,2009/4/1
3,E,20,小西　浩太朗,1092189,男,阿波,こにし,こうたろう,E,20,2009/4/1
3,E,21,多田　将,1092219,男,小松島,ただ,まさる,E,21,2009/4/1
3,E,22,田中　渉,1095196,男,上那賀,たなか,わたる,E,22,2009/4/1
3,E,23,富田　翔晴,1092227,男,相生,とみだ,しょうせい,E,23,2009/4/1
3,E,24,中　章圭,1092235,男,城西,なか,あきよし,E,24,2009/4/1
3,E,25,仲尾　直樹,1092243,男,城西,なかお,なおき,E,25,2009/4/1
3,E,26,長尾　飛鳥,1095234,男,阿南,ながお,あすか,E,26,2009/4/1
3,E,27,新田　裕也,1094270,男,高浦,にった,ゆうや,E,27,2009/4/1
3,E,28,野口　拓哉,1092260,男,小松島,のぐち,たくや,E,28,2009/4/1
3,E,29,長谷部　佑喜,1092278,男,上八万,はせべ,ゆうき,E,29,2009/4/1
3,E,30,林　雄貴,1092286,男,鳴教附属,はやし,ゆうき,E,30,2009/4/1
3,E,31,板東　尭宏,1092294,男,吉野,ばんどう,あきひろ,E,31,2009/4/1
3,E,32,坂東　佑樹,1092308,男,上板,ばんどう,ゆうき,E,32,2009/4/1
3,E,33,福田　稜,1092316,男,相生,ふくた,りょう,E,33,2009/4/1
3,E,34,藤田　大地,1092324,男,阿南,ふじた,だいち,E,34,2009/4/1
3,E,35,藤本　康平,1092332,男,佐那河内,ふじもと,こうへい,E,35,2009/4/1
3,E,36,藤好　達也,1092340,男,国府,ふじよし,たつや,E,36,2009/4/1
3,E,37,三木　陽平,1092359,男,三加茂,みき,ようへい,E,37,2009/4/1
3,E,38,宮川　航平,1072331,男,阿波,みやがわ,こうへい,E,38,2009/4/1
3,E,39,森　雅史,1091344,男,津田,もり,まさし,E,39,2009/4/1
3,E,40,森本　貴志,1092367,男,羽ノ浦,もりもと,たかし,E,40,2009/4/1
3,E,41,山?　祐弥,1092375,男,南淡,やまさき,ゆうや,E,41,2009/4/1
3,E,42,山本　真平,1092383,男,城東,やまもと,しんぺい,E,42,2009/4/1
3,E,43,吉本　祐介※,1092405,男,新野,よしもと,ゆうすけ,E,43,2009/4/1
3,S,1,赤穂　正輝,1095013,男,松茂,あこう,まさき,S,1,2009/4/1
3,S,2,阿佐　直哉,1092022,男,井川,あさ,なおや,S,2,2009/4/1
3,S,3,安宅　佑馬,1094017,男,阿南,あたけ,ゆうま,S,3,2009/4/1
3,S,4,井戸　千歳,1094025,女,鳴門第一,いど,ちとせ,S,4,2009/4/1
3,S,5,井上　淳貴,1094041,男,坂野,いのうえ,あつき,S,5,2009/4/1
3,S,6,岩田　宏樹,1094050,男,福井,いわた,ひろき,S,6,2009/4/1
3,S,7,内田　洋人,1074083,男,城西,うちだ,ひろと,S,7,2009/4/1
3,S,8,采　誠一郎,1094068,男,三野,うね,せいいちろう,S,8,2009/4/1
3,S,9,勝田　有平,1092111,男,鳴門,かつだ,ゆうへい,S,9,2009/4/1
3,S,10,川上　蓮也,1092120,男,那賀川,かわかみ,れんや,S,10,2009/4/1
3,S,11,岸　卓磨,1094106,男,上那賀,きし,たくま,S,11,2009/4/1
3,S,12,日下　晃佑,1094114,男,南部,くさか,こうすけ,S,12,2009/4/1
3,S,13,久米　弘太郎,1094122,男,石井,くめ,こうたろう,S,13,2009/4/1
3,S,14,近藤　優樹,1094130,男,高浦,こんどう,ゆうき,S,14,2009/4/1
3,S,15,酒井　功男,1095153,男,藍住,さかい,いさお,S,15,2009/4/1
3,S,16,佐藤　栄一,1091174,男,鳴門第二,さとう,えいいち,S,16,2009/4/1
3,S,17,四宮　健人,1094157,男,福井,しのみや,けんと,S,17,2009/4/1
3,S,18,芝橋　萌,1094165,女,阿波,しばはし,もえ,S,18,2009/4/1
3,S,19,島上　友馬,1092200,男,那賀川,しまかみ,ゆうま,S,19,2009/4/1
3,S,20,高瀬　友也,1094181,男,高浦,たかせ,ともや,S,20,2009/4/1
3,S,21,高橋　祐太,1094203,男,上八万,たかはし,ゆうた,S,21,2009/4/1
3,S,22,竹田　翔志,1094211,男,藍住東,たけだ,しょうじ,S,22,2009/4/1
3,S,23,武田　涼介,1094220,男,小松島,たけだ,りょうすけ,S,23,2009/4/1
3,S,24,谷田　恵佳,1094238,女,御原,たにだ,よしか,S,24,2009/4/1
3,S,25,寺前　宏昭,1094246,男,新野,てらまえ,ひろあき,S,25,2009/4/1
3,S,26,中川　雅之,1094327,男,小松島,なかがわ,まさゆき,S,26,2009/4/1
3,S,27,新居　郁也,1091255,男,松茂,にい,ふみや,S,27,2009/4/1
3,S,28,新見　良夫,1092251,男,北島,にいみ,よしお,S,28,2009/4/1
3,S,29,西岡　龍胡,1091263,男,松茂,にしおか,りゅうご,S,29,2009/4/1
3,S,30,福永　一生,1094289,男,鳴門第一,ふくなが,かずき,S,30,2009/4/1
3,S,31,福山　智之,1095307,男,上八万,ふくやま,ともゆき,S,31,2009/4/1
3,S,32,前田　佑太,1094297,男,阿南,まえだ,ゆうた,S,32,2009/4/1
3,S,33,前山　奈美,1095323,女,城西,まえやま,なみ,S,33,2009/4/1
3,S,34,松村　晃宜,1094300,男,城東,まつむら,こうき,S,34,2009/4/1
3,S,35,三島　啓寛,1094319,男,阿南,みしま,あきひろ,S,35,2009/4/1
3,S,36,都　あおい,1094335,女,鳴門第一,みやこ,あおい,S,36,2009/4/1
3,S,37,村田　陽菜,1095366,女,北島,むらた,はるな,S,37,2009/4/1
3,S,38,村田　緑,1094343,女,加茂名,むらた,みどり,S,38,2009/4/1
3,S,39,森本　響,1094351,男,那賀川,もりもと,ひびき,S,39,2009/4/1
3,S,40,森脇　栞織,1094360,女,半田,もりわき,しおり,S,40,2009/4/1
3,S,41,八重垣　篤志,1094378,男,城西,やえがき,あつし,S,41,2009/4/1
3,S,42,ヤシル,1094416,男,,やしる,,S,42,2009/4/1
3,S,43,安丸　歩実,1095374,女,上板,やすまる,あゆみ,S,43,2009/4/1
3,S,44,山下　諒也,1094386,男,吉野,やました,りょうや,S,44,2009/4/1
3,S,45,山本　優輝,1092391,男,小松島,やまもと,ゆうき,S,45,2009/4/1
3,S,46,吉田　良太,1094394,男,那賀川,よしだ,りょうた,S,46,2009/4/1
3,C,1,天羽　貴大,1095048,男,阿南第一,あもう,たかひろ,C,1,2009/4/1
3,C,2,井口　泰裕,1095056,男,阿南第一,いぐち,やすひろ,C,2,2009/4/1
3,C,3,岩生　知樹,1095064,男,北島,いわい,ともき,C,3,2009/4/1
3,C,4,枝川　翔太,1094076,男,瀬戸,えだがわ,しょうた,C,4,2009/4/1
3,C,5,大上　竜平,1095072,男,小松島,おおうえ,りょうへい,C,5,2009/4/1
3,C,6,大久保　勝也,1095080,男,阿南第一,おおくぼ,かつや,C,6,2009/4/1
3,C,7,大宮　諒,1091034,男,那賀川,おおみや,りょう,C,7,2009/4/1
3,C,8,岡　拓磨,1091042,男,藍住東,おか,たくま,C,8,2009/4/1
3,C,9,岡本　潤一,1095099,男,牟岐,おかもと,じゅんいち,C,9,2009/4/1
3,C,10,折野　篤矢,1095102,男,新野,おりの,あつや,C,10,2009/4/1
3,C,11,形部　和樹,1095110,男,阿南,かたべ,かずき,C,11,2009/4/1
3,C,12,金澤　優樹,1095129,男,藍住東,かなざわ,ゆうき,C,12,2009/4/1
3,C,13,川田　健人,1092146,男,那賀川,かわた,はやと,C,13,2009/4/1
3,C,14,工藤　裕貴,1091140,男,城東,くどう,ひろき,C,14,2009/4/1
3,C,15,新開　晟,1094173,男,山川,しんがい,あきら,C,15,2009/4/1
3,C,16,鈴木　香奈子,1095170,女,阿南第一,すずき,かなこ,C,16,2009/4/1
3,C,17,高橋　瑞樹,1094190,男,入田,たかはし,みずき,C,17,2009/4/1
3,C,18,滝口　真弓,1095188,女,阿南,たきぐち,まゆみ,C,18,2009/4/1
3,C,19,谷　弘毅,1085247,男,徳島,たに,ひろき,C,19,2009/4/1
3,C,20,谷　佳博,1095200,男,海部,たに,よしひろ,C,20,2009/4/1
3,C,21,伝宝　大輔,1095218,男,鳴門,でんぽう,だいすけ,C,21,2009/4/1
3,C,22,秦　健二,1095269,男,三原,はだ,けんじ,C,22,2009/4/1
3,C,23,花岡　寛哉,1091280,男,川内,はなおか,ひろや,C,23,2009/4/1
3,C,24,濱　優花,1095277,女,羽ノ浦,はま,ゆうか,C,24,2009/4/1
3,C,25,平山　風太,1095293,男,牟岐,ひらやま,ふうた,C,25,2009/4/1
3,C,26,本田　圭佑,1095315,男,津田,ほんだ,けいすけ,C,26,2009/4/1
3,C,27,松本　有加,1095331,女,阿南第一,まつもと,ゆか,C,27,2009/4/1
3,C,28,三木　克彦,1065289,男,阿南第一,みき,かつひこ,C,28,2009/4/1
3,C,29,村田　愛貴,1095358,女,阿南,むらた,あき,C,29,2009/4/1
3,C,30,矢野　和樹,1075330,男,加茂名,やの,かずき,C,30,2009/4/1
3,C,31,横手　亮太,1091360,男,阿南,よこて,りょうた,C,31,2009/4/1
3,C,32,米川　直希,1095404,男,新野,よねかわ,なおき,C,32,2009/4/1
3,C,33,脇山　春菜,1094408,女,阿南第一,わきやま,はるな,C,33,2009/4/1
4,M,1,朝田　英知,1081020,男,阿南第一,あさだ,えいち,M,1,2008/4/1
4,M,2,井内　鷹登,1084020,男,石井,いうち,たかと,M,2,2008/4/1
4,M,3,入江　夏輝,1084046,男,阿南第一,いりえ,なつき,M,3,2008/4/1
4,M,4,上村　豪,1081047,男,鴨島第一,うえむら,ごう,M,4,2008/4/1
4,M,5,大下　逞,1061070,男,城西,おおした,たくま,M,5,2008/4/1
4,M,6,岡田　和輝,1081055,男,阿南,おかだ,かずき,M,6,2008/4/1
4,M,7,岡久　勝洋,1081063,男,阿南第一,おかひさ,かつひろ,M,7,2008/4/1
4,M,8,樫詰　翔悟,1082078,男,北島,かしづめ,しょうご,M,8,2008/4/1
4,M,9,樫野　直大,1081080,男,羽ノ浦,かしの,なおひろ,M,9,2008/4/1
4,M,10,柏木　宏基,1081098,男,御原,かしわぎ,ひろき,M,10,2008/4/1
4,M,11,寒川　翔太,1081101,男,池田,かんがわ,しょうた,M,11,2008/4/1
4,M,12,楠原　卓,1082116,男,坂野,くすはら,すぐる,M,12,2008/4/1
4,M,13,黒澤　康平,1081128,男,鳴門第一,くろさわ,こうへい,M,13,2008/4/1
4,M,14,黒田　秀平,1071122,男,羽ノ浦,くろだ,しゅうへい,M,14,2008/4/1
4,M,15,小笹山　佳久,1081136,男,鳴門第二,こささやま,よしひさ,M,15,2008/4/1
4,M,16,後藤田　健二,1081152,男,鴨島東,ごとうだ,けんじ,M,16,2008/4/1
4,M,17,近藤　泰弘,1085174,男,徳島,こんどう,やすひろ,M,17,2008/4/1
4,M,18,櫻本　裕也,1084178,男,城西,さくらもと,ゆうや,M,18,2008/4/1
4,M,19,猿瀧　貴博,1081160,男,吉野,さるたき,たかひろ,M,19,2008/4/1
4,M,20,白川　翔,1081179,男,三加茂,しらかわ,しょう,M,20,2008/4/1
4,M,21,添木　俊希,1084224,男,坂野,そえき,としき,M,21,2008/4/1
4,M,22,高瀬　和也,1081187,男,加茂名,たかせ,かずや,M,22,2008/4/1
4,M,23,高田　一星,1081195,男,国府,たかた,いっせい,M,23,2008/4/1
4,M,24,?田　晋作,1082205,男,南部,たかた,しんさく,M,24,2008/4/1
4,M,25,竹治　大地,1071211,男,羽ノ浦,たけじ,だいち,M,25,2008/4/1
4,M,26,田村　勇樹,1071220,男,那賀川,たむら,ゆうき,M,26,2008/4/1
4,M,27,長池　翔馬,1081217,男,加茂谷,ちょうじ,しょうま,M,27,2008/4/1
4,M,28,津川　晃,1081225,男,鳴門第一,つがわ,あきら,M,28,2008/4/1
4,M,29,中田　大貴,1084275,男,加茂谷,なかた,だいき,M,29,2008/4/1
4,M,30,中山　大輔,1081241,男,鳴教附属,なかやま,だいすけ,M,30,2008/4/1
4,M,31,林　拓也,1081276,男,三加茂,はやし,たくや,M,31,2008/4/1
4,M,32,日野　剛志,1081292,男,那賀川,ひの,たけし,M,32,2008/4/1
4,M,33,福山　翔馬,1081306,男,鳴門第一,ふくやま,しょうま,M,33,2008/4/1
4,M,34,藤田　伊覚那,1081314,男,城西,ふじた,いさな,M,34,2008/4/1
4,M,35,前田　勇輝,1085298,男,上板,まえだ,ゆうき,M,35,2008/4/1
4,M,36,松田　浩宗,1081322,男,城西,まつだ,ひろむね,M,36,2008/4/1
4,M,37,湊　大輝,1081330,男,石井,みなと,たいき,M,37,2008/4/1
4,M,38,宮本　和佳,1081349,男,南部,みやもと,かずよし,M,38,2008/4/1
4,M,39,森岡　恭史,1081357,男,板野,もりおか,やすふみ,M,39,2008/4/1
4,M,40,森田　優佑,1081365,男,阿南,もりた,ゆうすけ,M,40,2008/4/1
4,M,41,森本　貴之,1085336,男,由岐,もりもと,たかゆき,M,41,2008/4/1
4,M,42,山田　耕平,1081373,男,南部,やまだ,こうへい,M,42,2008/4/1
4,M,43,山本　拓弥,1085387,男,阿南,やまもと,たくや,M,43,2008/4/1
4,M,44,山本　遼,1081381,男,那賀川,やまもと,りょう,M,44,2008/4/1
4,M,45,吉田　晶樹,1085395,男,阿南第一,よしだ,まさき,M,45,2008/4/1
4,M,46,吉益　章公,1084402,男,徳島,よします,あきひろ,M,46,2008/4/1
4,M,47,渡辺　てい,1081403,女,藍住東,わたなべ,てい,M,47,2008/4/1
4,E,1,安藝　允博,1085018,男,小松島,あき,みつひろ,E,1,2008/4/1
4,E,2,秋本　和宏,1081012,男,阿南,あきもと,かずひろ,E,2,2008/4/1
4,E,3,石川　光亮,1082434,男,都島工業,いしかわ,こうすけ,E,3,2008/4/1
4,E,4,イラ,1082418,女,,いら,,E,4,2008/4/1
4,E,5,大西　智也,1082027,男,藍住東,おおにし,ともや,E,5,2008/4/1
4,E,6,大西　湧也,1085085,男,鷲敷,おおにし,ゆうや,E,6,2008/4/1
4,E,7,大西　龍太郎,1082035,男,由岐中学,おおにし,りゅうたろう,E,7,2008/4/1
4,E,8,岡久　真也,1081071,男,阿南第一,おかひさ,しんや,E,8,2008/4/1
4,E,9,折口　竜斗,1082043,男,上八万,おりぐち,りゅうと,E,9,2008/4/1
4,E,10,陰山　弘樹※,1082060,男,藍住,かげやま,ひろき,E,10,2008/4/1
4,E,11,川内　俊弥,1082086,男,神山東,かわうち,としや,E,11,2008/4/1
4,E,12,神野　真之介,1082094,男,鳴門第一,かんの,しんのすけ,E,12,2008/4/1
4,E,13,北　征也,1082108,男,川内,きた,せいや,E,13,2008/4/1
4,E,14,齋藤　亮輔,1082132,男,那賀川,さいとう,りょうすけ,E,14,2008/4/1
4,E,15,佐古　直哉,1084186,男,城東,さこ,なおや,E,15,2008/4/1
4,E,16,佐藤　君香,1085190,女,脇町,さとう,きみか,E,16,2008/4/1
4,E,17,篠原　梓,1082167,女,那賀川,しのはら,あずさ,E,17,2008/4/1
4,E,18,清水　貴将,1082175,男,城東,しみず,たかまさ,E,18,2008/4/1
4,E,19,須見　公祐,1084208,男,市場,すみ,こうすけ,E,19,2008/4/1
4,E,20,住友　翔,1082183,男,阿南,すみとも,しょう,E,20,2008/4/1
4,E,21,高田　康希,1082191,男,市場,たかた,こうき,E,21,2008/4/1
4,E,22,高橋　瑛希,1082213,男,八万,たかはし,えいき,E,22,2008/4/1
4,E,23,?見　友里恵,1084240,女,小松島,たかみ,ゆりえ,E,23,2008/4/1
4,E,24,立道　美香子,1052225,女,一宇,たつみち,みかこ,E,24,2008/4/1
4,E,25,田中　樹,1082221,男,阿南第一,たなか,たつき,E,25,2008/4/1
4,E,26,戸村　圭一,1082256,男,鳴門第二,とむら,けいいち,E,26,2008/4/1
4,E,27,中野　知美,1082264,女,阿南,なかの,ともみ,E,27,2008/4/1
4,E,28,新居　若菜,1084305,女,川島,にい,わかな,E,28,2008/4/1
4,E,29,仁木　健太,1082280,男,北島,にき,けんた,E,29,2008/4/1
4,E,30,西岡　祐樹,1082299,男,三加茂,にしおか,ゆうき,E,30,2008/4/1
4,E,31,西村　優汰,1082302,男,吉野,にしむら,ゆうた,E,31,2008/4/1
4,E,32,西山　一成,1072250,男,小松島,にしやま,いっせい,E,32,2008/4/1
4,E,33,新田　ひかり,1084313,女,羽ノ浦,にった,ひかり,E,33,2008/4/1
4,E,34,野田　健汰,1081268,男,阿南第一,のだ,けんた,E,34,2008/4/1
4,E,35,バトムンフ,1082426,男,,ばとむんふ,,E,35,2008/4/1
4,E,36,原田　悟,1072285,男,津田,はらだ,さとる,E,36,2008/4/1
4,E,37,原田　岳,1082310,男,那賀川,はらだ,たけし,E,37,2008/4/1
4,E,38,ひとみ　孝典※,1082329,男,勝浦,ひとみ,たかのり,E,38,2008/4/1
4,E,39,平田　圭佑,1082337,男,半田,ひらた,けいすけ,E,39,2008/4/1
4,E,40,福井　由布,1082345,女,羽ノ浦,ふくい,ゆう,E,40,2008/4/1
4,E,41,本田　優子,1084348,女,鳴門第一,ほんだ,ゆうこ,E,41,2008/4/1
4,E,42,松田　将希,1084143,男,藍住東,まつだ,まさき,E,42,2008/4/1
4,E,43,真鍋　一輝,1072315,男,上八万,まなべ,かずき,E,43,2008/4/1
4,E,44,彌野　洋平,1082353,男,由岐,やの,ようへい,E,44,2008/4/1
4,E,45,湯佐　洸太,1082361,男,市場,ゆさ,こうた,E,45,2008/4/1
4,E,46,横山　雄太,1082370,男,日和佐,よこやま,ゆうた,E,46,2008/4/1
4,E,47,吉見　健太,1082396,男,坂野,よしみ,けんた,E,47,2008/4/1
4,E,48,米田　允俊,1082400,男,立江,よねだ,まさとし,E,48,2008/4/1
4,S,1,安部　千裕,1084011,女,坂野,あべ,ちひろ,S,1,2008/4/1
4,S,2,石田　翔平,1085050,男,木頭,いしだ,しょうへい,S,2,2008/4/1
4,S,3,一宮　浩真,1074032,男,石井,いちみや,ひろまさ,S,3,2008/4/1
4,S,4,井筒　祐樹,1085069,男,城東,いづつ,ゆうき,S,4,2008/4/1
4,S,5,位頭　玲,1084038,女,吉野,いとう,れい,S,5,2008/4/1
4,S,6,井岡　宏規,1074059,男,上板,いのおか,ひろき,S,6,2008/4/1
4,S,7,上田　勇輝,1084054,男,坂野,うえた,ゆうき,S,7,2008/4/1
4,S,8,植松　賢人,1082019,男,北島,うえまつ,けんと,S,8,2008/4/1
4,S,9,大瀧　泰史,1064100,男,那賀川,おおたき,たいし,S,9,2008/4/1
4,S,10,大野　達也,1085093,男,瀬戸,おおの,たつや,S,10,2008/4/1
4,S,11,大野　雄介,1084062,男,瀬戸,おおの,ゆうすけ,S,11,2008/4/1
4,S,12,香川　真人,1084070,男,鴨島東,かがわ,まさと,S,12,2008/4/1
4,S,13,影地　司,1084089,男,城西,かげち,つかさ,S,13,2008/4/1
4,S,14,兼本　泰嗣,1084097,男,城東,かねもと,たいし,S,14,2008/4/1
4,S,15,金山　春香,1085115,女,津田,かねやま,はるか,S,15,2008/4/1
4,S,16,河?　謙治,1074148,男,瀬戸,かわさき,けんじ,S,16,2008/4/1
4,S,17,北谷　雅治,1081110,男,洲浜,きただに,まさはる,S,17,2008/4/1
4,S,18,櫛田　佳那,1084100,女,新野,くしだ,かな,S,18,2008/4/1
4,S,19,楠本　貴士,1084119,男,津田,くすもと,たかし,S,19,2008/4/1
4,S,20,窪　瑛智,1084127,男,藍住,くぼ,あきとし,S,20,2008/4/1
4,S,21,黒田　一平,1084135,男,瀬戸,くろた,いっぺい,S,21,2008/4/1
4,S,22,小濱　紘大,1082124,男,阿南,こはま,こうた,S,22,2008/4/1
4,S,23,斎藤　達也,1085182,男,新野,さいとう,たつや,S,23,2008/4/1
4,S,24,齋藤　将也,1084160,男,小松島,さいとう,まさや,S,24,2008/4/1
4,S,25,芝原　優真,1084194,男,阿南,しばはら,ゆうま,S,25,2008/4/1
4,S,26,庄野　未友妃,1074180,女,阿南第一,しょうの,みゆき,S,26,2008/4/1
4,S,27,瀬尾　諒,1084216,男,市場,せのお,りょう,S,27,2008/4/1
4,S,28,園崎　優,1074199,男,小松島,そのざき,すぐる,S,28,2008/4/1
4,S,29,?橋　寛治,1084232,男,入田,たかはし,かんじ,S,29,2008/4/1
4,S,30,多喜田　将史,1064266,男,羽ノ浦,たきた,まさし,S,30,2008/4/1
4,S,31,田中　翔梧,1084259,男,鳴門第一,たなか,しょうご,S,31,2008/4/1
4,S,32,谷添　有祐,1082230,男,勝浦,たにぞえ,ゆうすけ,S,32,2008/4/1
4,S,33,田村　真人,1074245,男,神山東,たむら,まさと,S,33,2008/4/1
4,S,34,土橋　香織,1064282,女,小松島,つちはし,かおり,S,34,2008/4/1
4,S,35,長井　一矢,1084267,男,羽ノ浦,ながい,かずや,S,35,2008/4/1
4,S,36,中村　泰輔,1084283,男,板野,なかむら,たいすけ,S,36,2008/4/1
4,S,37,ナム,1084410,男,,なむ,,S,37,2008/4/1
4,S,38,成田　達哉,1084291,男,阿南第一,なりた,たつや,S,38,2008/4/1
4,S,39,新居　宏佑,1082272,男,北島,にい,こうすけ,S,39,2008/4/1
4,S,40,橋口　友哉,1084321,男,小松島,はしぐち,ともや,S,40,2008/4/1
4,S,41,�髭本　雅弘,1084330,男,小松島,はまもと,まさひろ,S,41,2008/4/1
4,S,42,藤井　智頌,1074326,男,鴨島東,ふじい,としのぶ,S,42,2008/4/1
4,S,43,藤川　明広,1085280,男,小松島,ふじかわ,あきひろ,S,43,2008/4/1
4,S,44,宮本　剛至,1084356,男,小松島,みやもと,たかゆき,S,44,2008/4/1
4,S,45,桃野　彩美,1085328,女,南部,ももの,あやみ,S,45,2008/4/1
4,S,46,森　剛志,1084364,男,小松島,もり,つよし,S,46,2008/4/1
4,S,47,森田　千賀,1084372,女,八万,もりた,ちか,S,47,2008/4/1
4,S,48,森本　歩里,1084380,女,那賀川,もりもと,あゆり,S,48,2008/4/1
4,S,49,森本　眞樹,1084399,女,那賀川,もりもと,まき,S,49,2008/4/1
4,S,50,横手　茉結子,1074415,女,坂野,よこて,まゆこ,S,50,2008/4/1
4,S,51,吉田　貴一,1082388,男,藍住東,よしだ,きいち,S,51,2008/4/1
4,S,52,渡辺　ゆう,1054406,女,藍住東,わたなべ,ゆう,S,52,2008/4/1
4,C,1,浅田　稜介,1085026,男,阿南,あさだ,りょうすけ,C,1,2008/4/1
4,C,2,池田　健人,1085034,男,阿南第一,いけだ,けんと,C,2,2008/4/1
4,C,3,石川　祥大,1085042,男,阿南第一,いしかわ,しょうた,C,3,2008/4/1
4,C,4,大下　奈実,1065068,女,藍住東,おおした,なみ,C,4,2008/4/1
4,C,5,大津　広貴,1085077,男,川内,おおつ,ひろき,C,5,2008/4/1
4,C,6,岡本　光,1065084,男,八万,おかもと,ひかる,C,6,2008/4/1
4,C,7,尾崎　綾,1065092,男,由岐,おざき,りょう,C,7,2008/4/1
4,C,8,表木　恵理,1085107,女,福井,おもてぎ,えり,C,8,2008/4/1
4,C,9,柿内　涼太,1082051,男,阿南,かきうち,りょうた,C,9,2008/4/1
4,C,10,河野　知里,1085123,女,南部,かわの,ちさと,C,10,2008/4/1
4,C,11,金納　羽住,1085131,女,上勝,かんのう,はすみ,C,11,2008/4/1
4,C,12,菊谷　眞言,1085140,男,新野,きくたに,まこと,C,12,2008/4/1
4,C,13,久保田　航海,1085158,男,坂野,くぼた,わたる,C,13,2008/4/1
4,C,14,小島　誠貴,1081144,男,阿南第一,こじま,せいき,C,14,2008/4/1
4,C,15,近藤　美月,1085166,女,上八万,こんどう,みづき,C,15,2008/4/1
4,C,16,佐賀　亮介,1082140,男,小松島,さが,りょうすけ,C,16,2008/4/1
4,C,17,酒井　圭祐,1082159,男,藍住東,さかい,けいすけ,C,17,2008/4/1
4,C,18,鈴江　翔平,1085204,男,阿南第一,すずえ,しょうへい,C,18,2008/4/1
4,C,19,鈴木　美沙,1085212,女,加茂名,すずき,みさ,C,19,2008/4/1
4,C,20,高島　彩,1085220,女,上那賀,たかしま,あや,C,20,2008/4/1
4,C,21,?田　実,1081209,男,高浦,たかた,みのる,C,21,2008/4/1
4,C,22,高田　脩人,1085239,男,小松島,たかだ,はると,C,22,2008/4/1
4,C,23,谷　祐治,1085255,男,阿南第一,たに,ゆうじ,C,23,2008/4/1
4,C,24,坪井　和也,1082248,男,徳島,つぼい,かずや,C,24,2008/4/1
4,C,25,中河　哲郎,1081233,男,城西,なかがわ,てつろう,C,25,2008/4/1
4,C,26,二宮　渉,1081250,男,南部,にのみや,わたる,C,26,2008/4/1
4,C,27,林　剛史,1081284,男,新野,はやし,たけし,C,27,2008/4/1
4,C,28,原田　匡樹,1085263,男,坂野,はらだ,まさき,C,28,2008/4/1
4,C,29,福嶋　はる菜,1085271,女,海南,ふくしま,はるな,C,29,2008/4/1
4,C,30,牧本　和明,1085301,男,土成,まきもと,かずあき,C,30,2008/4/1
4,C,31,松本　奈央美,1085310,女,小松島,まつもと,なおみ,C,31,2008/4/1
4,C,32,矢野　克也,1085344,男,池田第一,やの,かつや,C,32,2008/4/1
4,C,33,山口　菖太,1085352,男,三加茂,やまぐち,しょうた,C,33,2008/4/1
4,C,34,山口　浩希,1085360,男,藍住東,やまぐち,ひろき,C,34,2008/4/1
4,C,35,山本　次郎,1085379,男,鳴門第一,やまもと,じろう,C,35,2008/4/1
4,C,36,山本　信秀,1075373,男,国府,やまもと,のぶひで,C,36,2008/4/1
4,C,37,吉村　凌※,1081390,男,那賀川,よしむら,りょう,C,37,2008/4/1
4,C,38,米澤　愛美,1085409,女,藍住,よねざわ,めぐみ,C,38,2008/4/1
5,M,1,芦谷　健太,1071017,男,阿南第一,あしたに,けんた,M,1,2007/4/1
5,M,2,アスマル,1071416,男,,あすまる,,M,2,2007/4/1
5,M,3,一田　洋平,1071025,男,城東,いちだ,ようへい,M,3,2007/4/1
5,M,4,今枝　周平,1071033,男,城東,いまえだ,しゅうへい,M,4,2007/4/1
5,M,5,内田　悠希,1071041,男,阿南,うちだ,ゆうき,M,5,2007/4/1
5,M,6,太田　翔一,1071050,男,五色,おおた,しょういち,M,6,2007/4/1
5,M,7,笠木　翔平,1071068,男,勝浦,かさぎ,しょうへい,M,7,2007/4/1
5,M,8,河野　創太,1071092,男,鴨島第一,かわの,そうた,M,8,2007/4/1
5,M,9,木下　雄登,1071106,男,椿町,きのした,ゆうと,M,9,2007/4/1
5,M,10,久津間　充,1071114,女,羽ノ浦,くづま,みちる,M,10,2007/4/1
5,M,11,小谷　里志,1061151,男,阿南第一,こたに,さとし,M,11,2007/4/1
5,M,12,先山　貴,1071130,男,吉野,さきやま,たかし,M,12,2007/4/1
5,M,13,佐光　巧,1071149,男,城西,さこう,たくみ,M,13,2007/4/1
5,M,14,篠岡　宏宙,1071157,男,阿南,ささおか,ひろおき,M,14,2007/4/1
5,M,15,四宮　保紀,1075101,男,城東,しのみや,やすのり,M,15,2007/4/1
5,M,16,芝山　大成,1071165,男,鳴門第一,しばやま,たいせい,M,16,2007/4/1
5,M,17,清水　強生,1071173,男,阿南,しみず,つよき,M,17,2007/4/1
5,M,18,定作　康平,1071181,男,勝浦,じょうづくり,こうへい,M,18,2007/4/1
5,M,19,新名　信洋,1071190,男,三加茂,しんみょう,のぶひろ,M,19,2007/4/1
5,M,20,?木　皓正,1071203,男,富田,たかぎ,てるまさ,M,20,2007/4/1
5,M,21,田上　篤志,1075160,男,阿南第一,たがみ,あつし,M,21,2007/4/1
5,M,22,鶴和　洸大,1071238,男,海南,つるわ,こうだい,M,22,2007/4/1
5,M,23,?村　尚之,1071246,男,海南,とくむら,なおゆき,M,23,2007/4/1
5,M,24,長岡　勇希,1071254,男,石井,ながおか,ゆうき,M,24,2007/4/1
5,M,25,中田　大貴,1071262,男,小松島,なかた,たいき,M,25,2007/4/1
5,M,26,中村　祐介,1061224,男,坂野,なかむら,ゆうすけ,M,26,2007/4/1
5,M,27,新見　宗一郎,1071270,男,北島,にいみ,そういちろう,M,27,2007/4/1
5,M,28,橋子　康平,1071297,男,阿南第一,はしこ,こうへい,M,28,2007/4/1
5,M,29,長谷　和輝,1071300,男,椿町,はせ,かずき,M,29,2007/4/1
5,M,30,長谷部　尚志,1071319,男,津田,はせべ,たかし,M,30,2007/4/1
5,M,31,花本　裕哉,1041258,男,宮浜,はなもと,ゆうや,M,31,2007/4/1
5,M,32,東内　惇志,1075276,男,高浦,ひがしうち,あつし,M,32,2007/4/1
5,M,33,平野　雄大,1071327,男,富田,ひらの,たけひろ,M,33,2007/4/1
5,M,34,藤山　航大,1071335,男,吉野,ふじやま,こうだい,M,34,2007/4/1
5,M,35,前川　貴祐,1071343,男,藍住,まえがわ,たかひろ,M,35,2007/4/1
5,M,36,丸岡　俊佑,1071351,男,小松島,まるおか,しゅんすけ,M,36,2007/4/1
5,M,37,三木田　綾介,1071360,男,鳴門第二,みきた,りょうすけ,M,37,2007/4/1
5,M,38,溝杭　孝浩,1071378,男,那賀川,みぞぐい,たかひろ,M,38,2007/4/1
5,M,39,村田　貴則,1071386,男,阿南,むらた,たかのり,M,39,2007/4/1
5,M,40,森野　尚,1071394,男,阿南,もりの,なお,M,40,2007/4/1
5,M,41,山口　雄太,1071408,男,阿波,やまぐち,ゆうた,M,41,2007/4/1
5,M,42,ラハイザル,1071424,男,,らはいざる,,M,42,2007/4/1
5,E,1,安藝　貴洋,1072013,男,板野,あき,たかひろ,E,1,2007/4/1
5,E,2,伊勢　悠人,1072021,男,阿南第一,いせ,ゆうと,E,2,2007/4/1
5,E,3,猪井　敬太,1072030,男,富田,いのい,けいた,E,3,2007/4/1
5,E,4,内田　奈緒美,1074075,女,羽ノ浦,うちだ,なおみ,E,4,2007/4/1
5,E,5,榎本　達也,1072048,男,国府,えもと,たつや,E,5,2007/4/1
5,E,6,尾?　貴弥,1072056,男,八万,おざき,たかや,E,6,2007/4/1
5,E,7,表原　祐樹,1072064,男,阿南,おもてはら,ゆうき,E,7,2007/4/1
5,E,8,笠井　健太郎,1072072,男,津田,かさい,けんたろう,E,8,2007/4/1
5,E,9,鎌田　隼,1072080,男,阿南第二,かまだ,しゅん,E,9,2007/4/1
5,E,10,川原　善光,1072099,男,城西,かわはら,よしみつ,E,10,2007/4/1
5,E,11,木村　祐貴,1072102,男,上板,きむら,ゆうき,E,11,2007/4/1
5,E,12,近藤　雅斗,1072110,男,大麻,こんどう,まさと,E,12,2007/4/1
5,E,13,佐藤　壌二郎,1072129,男,江原,さとう,じょうじろう,E,13,2007/4/1
5,E,14,四宮　大貴,1072137,男,藍住東,しのみや,だいき,E,14,2007/4/1
5,E,15,柴田　隆弘,1062115,男,阿南第一,しばた,たかひろ,E,15,2007/4/1
5,E,16,正地　裕貴,1072145,男,八万,しょうじ,ゆうき,E,16,2007/4/1
5,E,17,杉野　世蓮,1072153,男,那賀川,すぎの,せれん,E,17,2007/4/1
5,E,18,住友　崇洋,1072161,男,鴨島第一,すみとも,たかひろ,E,18,2007/4/1
5,E,19,竹縄　直人,1072170,男,吉野,たけなわ,なおと,E,19,2007/4/1
5,E,20,多田　昌太郎,1072188,男,加茂名,ただ,しょうたろう,E,20,2007/4/1
5,E,21,多田　雄貴,1072196,男,阿南第一,ただ,ゆうき,E,21,2007/4/1
5,E,22,田中　ゆうき,1072200,女,阿南第一,たなか,ゆうき,E,22,2007/4/1
5,E,23,田村　嘉崇,1062190,男,坂野,たむら,よしたか,E,23,2007/4/1
5,E,24,トゥアン,1072412,男,,とぅあん,,E,24,2007/4/1
5,E,25,長池　直樹,1072218,男,加茂谷,ながいけ,なおき,E,25,2007/4/1
5,E,26,中川　壮,1072226,男,阿南,なかがわ,そう,E,26,2007/4/1
5,E,27,西本　雅史,1072234,男,阿南,にしもと,まさふみ,E,27,2007/4/1
5,E,28,西森　健博,1072242,男,上那賀,にしもり,たけひろ,E,28,2007/4/1
5,E,29,服部　元洋,1072269,男,阿南第一,はっとり,もとひろ,E,29,2007/4/1
5,E,30,林　尚弥,1072277,男,津田,はやし,なおや,E,30,2007/4/1
5,E,31,藤原　拓,1072293,男,阿南,ふじわら,たく,E,31,2007/4/1
5,E,32,細川　晃平,1072307,男,北島,ほそかわ,こうへい,E,32,2007/4/1
5,E,33,三木　章,1072323,男,三加茂,みき,あきら,E,33,2007/4/1
5,E,34,籔内　稔大,1072358,男,北島,やぶうち,としひろ,E,34,2007/4/1
5,E,35,山口　俊夫,1072366,男,鳴門第二,やまぐち,としお,E,35,2007/4/1
5,E,36,山口　浩輝,1072374,男,勝浦,やまぐち,ひろき,E,36,2007/4/1
5,E,37,山下　龍舞,1072420,男,長崎工業,やました,りゅうま,E,37,2007/4/1
5,E,38,横尾　大地,1072382,男,勝浦,よこお,だいち,E,38,2007/4/1
5,E,39,吉永　智※,1072390,男,鴨島東,よしなが,さとし,E,39,2007/4/1
5,S,1,石原　葵,1074016,女,鷲敷,いしはら,あおい,S,1,2007/4/1
5,S,2,市瀬　祐季奈※,1074024,女,那賀川,いちせ,ゆきな,S,2,2007/4/1
5,S,3,犬伏　瑞紀,1074040,女,石井,いぬぶし,みずき,S,3,2007/4/1
5,S,4,大島　優芽,1074091,女,羽ノ浦,おおしま,ゆめ,S,4,2007/4/1
5,S,5,大西　誠,1074105,男,三加茂,おおにし,せい,S,5,2007/4/1
5,S,6,大林　稔典,1074113,男,羽ノ浦,おおばやし,としのり,S,6,2007/4/1
5,S,7,奥田　咲来,1074121,女,加茂谷,おくだ,さき,S,7,2007/4/1
5,S,8,尾山　由記,1074130,女,南部,おやま,ゆき,S,8,2007/4/1
5,S,9,片岡　舞,1064142,女,城東,かたおか,まい,S,9,2007/4/1
5,S,10,河野　愛衣,1074156,女,神山,かわの,あい,S,10,2007/4/1
5,S,11,佐々木　裕香,1064215,女,阿南第一,ささき,ゆうか,S,11,2007/4/1
5,S,12,篠原　明日人,1064223,男,三加茂,しのはら,あすと,S,12,2007/4/1
5,S,13,?曽根　亜弓,1074202,女,藍住東,たかそね,あゆみ,S,13,2007/4/1
5,S,14,田上　梨生,1074210,女,阿南第一,たがみ,りお,S,14,2007/4/1
5,S,15,棚橋　香菜,1074229,女,椿町,たなはし,かな,S,15,2007/4/1
5,S,16,田村　元帥,1074237,男,阿南,たむら,げんすい,S,16,2007/4/1
5,S,17,辻　ひかる,1074423,女,長崎工業,つじ,ひかる,S,17,2007/4/1
5,S,18,筒井　甲子郎,1074253,男,南部,つつい,こうしろう,S,18,2007/4/1
5,S,19,天狗石　悠斗,1074261,男,鴨島東,てんぐいし,ゆうと,S,19,2007/4/1
5,S,20,長井　和大,1074270,男,相生,ながい,かずひろ,S,20,2007/4/1
5,S,21,中野　誠,1074288,男,那賀川,なかの,まこと,S,21,2007/4/1
5,S,22,中村　翔,1074296,男,加茂谷,なかむら,しょう,S,22,2007/4/1
5,S,23,野村　彰純,1064339,男,鷲敷,のむら,あきずみ,S,23,2007/4/1
5,S,24,馬場　翔太郎,1074300,男,小松島,ばば,しょうたろう,S,24,2007/4/1
5,S,25,平井　徹,1074318,男,一宇,ひらい,とおる,S,25,2007/4/1
5,S,26,船越　怜奈,1074334,女,坂野,ふなこし,れな,S,26,2007/4/1
5,S,27,前田　飛鳥,1074342,男,小松島,まえだ,あすか,S,27,2007/4/1
5,S,28,三倉　駿紀,1074350,男,鴨島第一,みくら,としき,S,28,2007/4/1
5,S,29,三橋　沙織,1074369,女,羽ノ浦,みつはし,さおり,S,29,2007/4/1
5,S,30,南　勝也,1074377,男,北島,みなみ,かつや,S,30,2007/4/1
5,S,31,三枡　愛菜,1074385,女,南部,みます,えな,S,31,2007/4/1
5,S,32,森口　紋衣,1074393,女,八万,もりぐち,あい,S,32,2007/4/1
5,S,33,安田　規人,1074407,男,阿南,やすだ,なりと,S,33,2007/4/1
5,S,34,山田　洋嵩,1064371,男,城東,やまだ,ひろたか,S,34,2007/4/1
5,S,35,山原　博規,1064398,男,小松島,やまはら,ひろき,S,35,2007/4/1
5,C,1,雨瀧　顕吾,1075012,男,阿南第一,あめたき,けんご,C,1,2007/4/1
5,C,2,伊世　朋未,1075020,女,城西,いせ,ともみ,C,2,2007/4/1
5,C,3,大久保　理恵,1075047,女,阿南第一,おおくぼ,りえ,C,3,2007/4/1
5,C,4,大山　将,1075055,男,羽ノ浦,おおやま,しょう,C,4,2007/4/1
5,C,5,加川　拓也,1075071,男,石井,かがわ,たくや,C,5,2007/4/1
5,C,6,北島　隆太,1065122,男,高浦,きたじま,りゅうた,C,6,2007/4/1
5,C,7,小西　雄基,1075080,男,阿南,こにし,ゆうき,C,7,2007/4/1
5,C,8,四宮　卓海,1075098,男,阿南,しのみや,たくみ,C,8,2007/4/1
5,C,9,柴田　淳司,1075110,男,阿南第一,しばた,あつし,C,9,2007/4/1
5,C,10,柴田　理絵,1075128,女,上板,しばた,りえ,C,10,2007/4/1
5,C,11,角　衣里香※,1075136,女,阿南,すみ,えりか,C,11,2007/4/1
5,C,12,住友　誠,1075144,男,那賀川,すみとも,まこと,C,12,2007/4/1
5,C,13,高島　啓介,1075152,男,阿南,たかしま,けいすけ,C,13,2007/4/1
5,C,14,田中　竜樹,1075187,男,阿南第一,たなか,たつき,C,14,2007/4/1
5,C,15,谷下　智花,1075195,女,阿南第一,たにした,ともか,C,15,2007/4/1
5,C,16,田村　菜摘,1075209,女,城東,たむら,なつみ,C,16,2007/4/1
5,C,17,徳本　拓也,1075217,男,羽ノ浦,とくもと,たくや,C,17,2007/4/1
5,C,18,中野　克紀,1075225,男,那賀川,なかの,かつき,C,18,2007/4/1
5,C,19,仁宇　美登,1075233,男,石井,にう,よしと,C,19,2007/4/1
5,C,20,新田　彩乃,1075241,女,北井上,にった,あやの,C,20,2007/4/1
5,C,21,延本　大輝,1075250,男,鷲敷,のぶもと,だいき,C,21,2007/4/1
5,C,22,原　政輝,1075268,男,吉野,はら,まさき,C,22,2007/4/1
5,C,23,福原　徹,1075284,男,城東,ふくはら,とおる,C,23,2007/4/1
5,C,24,堀川　聡太,1075292,男,阿南第一,ほりかわ,そうた,C,24,2007/4/1
5,C,25,堀本　昌義,1075306,男,羽ノ浦,ほりもと,まさよし,C,25,2007/4/1
5,C,26,前野　夏希,1075314,女,城西,まえの,なつき,C,26,2007/4/1
5,C,27,増岡　秀美,1075322,女,城西,ますおか,ひでみ,C,27,2007/4/1
5,C,28,山中　大輝,1075349,男,南部,やまなか,たいき,C,28,2007/4/1
5,C,29,山ノ井　祐輝,1075365,男,阿南第一,やまのい,ゆうき,C,29,2007/4/1
5,C,30,山本　萌未,1075381,女,阿南,やまもと,もえみ,C,30,2007/4/1
5,C,31,湯浅　貴裕,1075390,男,加茂谷,ゆあさ,たかひろ,C,31,2007/4/1
5,C,32,吉田　剛基※,1065378,男,鳴門第一,よしだ,こうき,C,32,2007/4/1
5,C,33,和田　典子,1075403,女,北島,わだ,のりこ,C,33,2007/4/1
