課程,適応学年,必修選択,科目コード,授業科目,英語表記,単位数,開講期,学修単位,JABEE,適応開始年度,適応終了年度,FileName,担当教員１,担当教員２,担当教員３,担当教員４,,,,,,,,,,
一般教科,1,1,11121,基礎数学１,,4,通年,,,2010,9999,sy11121.html,川崎,宮本,櫛田,田中,山田,,,,,,,,,
一般教科,1,1,11123,数学A,,2,通年,,,2010,9999,sy11123.html,櫛田雅弘,田中広志,,,,,,,,,,,,
一般教科,1,1,11148,英語１,,2,通年,,,2010,9999,sy11148.html,谷中俊裕,,,,,,,,,,,,,
一般教科,1,0,19131,保健,,1,前期,,,2010,9999,sy19131.html,佐竹昌之,,,,,,,,,,,,,
一般教科,1,0,19133,体育,,2,通年,,,2010,9999,sy19133.html,新井修,中島一,,,,,,,,,,,,
一般教科,1,0,19135,美術・デザイン,,2,通年,,,2010,9999,sy19135.html,上月佳代,,,,,,,,,,,,,
一般教科,1,0,19146,日本語総合,,2,通年,,,2010,9999,sy19146.html,錦織浩文,,,,,,,,,,,,,
一般教科,1,0,19149,倫理,,2,通年,,,2010,9999,sy19149.html,新居岳人,,,,,,,,,,,,,
一般教科,1,0,19151,物理,,1,後期,,,2010,9999,sy19151.html,松尾俊寛,平山基,,,,,,,,,,,,
一般教科,1,0,19156,化学１,,2,通年,,,2010,9999,sy19156.html,鄭涛,一森勇人,,,,,,,,,,,,
一般教科,1,0,19159,英会話英作文,,2,通年,,,2010,9999,sy19159.html,山田真穂,,,,,,,,,,,,,
一般教科,1,0,19170,英文法,,2,通年,,,2010,9999,sy19170.html,勝藤和子,,,,,,,,,,,,,
一般教科,2,1,11221,基礎数学２,,4,通年,,,2010,9999,sy11221.html,櫛田雅弘,田上隆徳,山田耕太郎,,,,,,,,,,,
一般教科,2,1,11248,英語２,,3,通年,,,2010,9999,sy11248.html,藤井浩美,渡邊奈緒子,,,,,,,,,,,,
一般教科,2,1,11277,数学B,,2,通年,,,2010,9999,sy11277.html,田上隆徳,山田耕太郎,,,,,,,,,,,,
一般教科,2,0,19211,地理,,2,通年,,,2010,9999,sy19211.html,宮本覚和,,,,,,,,,,,,,
一般教科,2,0,19213,世界史,,2,通年,,,2010,9999,sy19213.html,濱田香織,,,,,,,,,,,,,
一般教科,2,0,19231,物理,,2,通年,,,2010,9999,sy19231.html,松尾俊寛,平山基,,,,,,,,,,,,
一般教科,2,0,19233,物理実験・演習,,1,前期,,,2010,9999,sy19233.html,松尾俊寛,平山基,,,,,,,,,,,,
一般教科,2,0,19246,日本語総合,,2,通年,,,2010,9999,sy19246.html,坪井泰士,,,,,,,,,,,,,
一般教科,2,0,19256,化学２,,2,通年,,,2010,9999,sy19256.html,一森勇人,,,,,,,,,,,,,
一般教科,2,0,19259,英会話英作文,,2,通年,,,2010,9999,sy19259.html,トラビス・フリンク,,,,,,,,,,,,,
一般教科,2,0,19261,体育,,3,通年,,,2010,9999,sy19261.html,新井修,中島一,速水仰,,,,,,,,,,,
一般教科,3,1,11363,英語３,,3,通年,,,2010,9999,sy11363.html,林田栄治,渡邊奈緒子,,,,,,,,,,,,
一般教科,3,1,11373,微分積分,,4,通年,,,2010,9999,sy11373.html,川崎敏和,田中広志,山田耕太郎,,,,,,,,,,,
一般教科,3,1,11375,微分方程式,,1,後期,,,2010,9999,sy11375.html,宮本陽生,櫛田雅弘,,,,,,,,,,,,
一般教科,3,1,11379,数学C,,1,前期,,,2010,9999,sy11379.html,宮本陽生,櫛田雅弘,,,,,,,,,,,,
一般教科,3,0,19311,日本史,,2,通年,,,2010,9999,sy19311.html,多田実,,,,,,,,,,,,,
一般教科,3,0,19333,体育３,,2,通年,,,2010,9999,sy19333.html,新井修,中島一,,,,,,,,,,,,
一般教科,3,0,19345,日本語総合３,,2,通年,,,2010,9999,sy19345.html,坪井泰士,錦織浩文,,,,,,,,,,,,
一般教科,3,0,19357,政治社会,,2,通年,,,2010,9999,sy19357.html,今田浩之,,,,,,,,,,,,,
一般教科,3,0,19359,英会話英作文,,2,通年,,,2010,9999,sy19359.html,小笠原麻衣子,,,,,,,,,,,,,
一般教科,4,1,11439,英語総合１,,2,後期,1,1,2010,9999,sy11439.html,谷中俊裕,山田真穂,,,,,,,,,,,,
一般教科,4,0,19402,ヒューマンヘルスケアリング,,2,通年,,,2010,9999,sy19402.html,高山直子,,,,,,,,,,,,,
一般教科,4,0,19408,法学,,2,通年,,1,2010,9999,sy19408.html,今田浩之,,,,,,,,,,,,,
一般教科,4,0,19411,哲学,,2,通年,,1,2010,9999,sy19411.html,新居岳人,,,,,,,,,,,,,
一般教科,4,0,19433,体育４,,1,後期,,,2010,9999,sy19433.html,新井修,中島一,,,,,,,,,,,,
一般教科,4,0,19456,化学３,,2,後期,1,1,2010,9999,sy19456.html,松尾俊寛,平山基,一森勇人,,,,,,,,,,,
一般教科,4,0,19481,英語の語彙・文法（１）,,1,前期,,1,2010,9999,sy19481.html,勝藤和子,渡邊奈緒子,,,,,,,,,,,,
一般教科,4,0,19482,英語の語彙・文法（２）,,1,後期,,1,2010,9999,sy19482.html,藤井浩美,三宅恵美,,,,,,,,,,,,
一般教科,5,0,19506,経済学,,2,後期,1,,2010,9999,sy19506.html,今田浩之,,,,,,,,,,,,,
一般教科,5,0,19514,バイオテクノロジー,,2,後期,1,1,2010,9999,sy19514.html,一森勇人,,,,,,,,,,,,,
一般教科,5,0,19533,体育５,,1,前期,,,2010,9999,sy19533.html,新井修,中島一,,,,,,,,,,,,
一般教科,5,0,19538,英語総合５,,2,前期,1,1,2010,9999,sy19538.html,谷中俊裕,三宅恵美,,,,,,,,,,,,
一般教科,5,0,19562,日本語の表現,,2,前期,1,1,2010,9999,sy19562.html,坪井泰士,錦織浩文,,,,,,,,,,,,
一般教科,5,0,19581,英語の語彙・文法（３）,,1,前期,,1,2010,9999,sy19581.html,谷中俊裕,山田真穂,,,,,,,,,,,,
一般教科,5,0,19582,英語の語彙・文法（４）,,1,後期,,1,2010,9999,sy19582.html,勝藤和子,三宅恵美,,,,,,,,,,,,
機械工学科,1,1,51101,ものづくり工学基礎,,2,通年,,,2009,9999,sy51101.html,奥本,中野,福見,湯城,松浦,安田,當宮,正木,中村厚信,砂原,岩佐,田中達治,杉野,福田
機械工学科,1,1,51103,ものづくり工学実習,,4,通年,,,2009,9999,sy51103.html,川畑,中村雄一,安野,松保,松本,小松,釜野,岡本,伊丹,一ノ瀬,小林,吉村,川上,
機械工学科,1,1,51105,デザイン基礎,,2,通年,,,2009,9999,sy51105.html,多田,島田,森山,,,,,,,,,,,
機械工学科,1,1,51107,情報リテラシー,,2,通年,,,2009,9999,sy51107.html,田中達治,岡本浩行,一ノ瀬元喜,小林美緒,上原信知,,,,,,,,,
機械工学科,2,1,21235,機械製図２,,2,通年,,,2009,9999,sy21235.html,原野智哉,,,,,,,,,,,,,
機械工学科,2,1,21276,機械工作実習,,3,通年,,,2009,9999,sy21276.html,松浦,安田,,,,,,,,,,,,
機械工学科,2,0,29208,情報処理,,2,通年,,,2009,9999,sy29208.html,武知英夫,,,,,,,,,,,,,
機械工学科,2,0,29278,加工学,,2,通年,,,2009,9999,sy29278.html,西本浩司,,,,,,,,,,,,,
機械工学科,3,1,21342,機械工学創造実習,,3,通年,,,2009,9999,sy21342.html,武知,西本,,,,,,,,,,,,
機械工学科,3,1,21380,機械設計製図１,,2,通年,,,2009,9999,sy21380.html,多田博夫,,,,,,,,,,,,,
機械工学科,3,0,29308,情報処理,,2,通年,,,2009,9999,sy29308.html,武知英夫,,,,,,,,,,,,,
機械工学科,3,0,29314,材料力学１,,2,通年,,,2009,9999,sy29314.html,西野精一,,,,,,,,,,,,,
機械工学科,3,0,29320,材料学１,,1,前期,,,2009,9999,sy29320.html,奥本良博,,,,,,,,,,,,,
機械工学科,3,0,29333,機構学,,1,前期,,,2009,9999,sy29333.html,川畑成之,,,,,,,,,,,,,
機械工学科,3,0,29371,応用物理１,,2,通年,,,2009,9999,sy29371.html,平山基,,,,,,,,,,,,,
機械工学科,3,0,29379,加工学,,1,前期,,,2009,9999,sy29379.html,西本浩司,,,,,,,,,,,,,
機械工学科,3,0,29383,機械要素設計,,1,後期,,,2009,9999,sy29383.html,原野智哉,,,,,,,,,,,,,
機械工学科,4,1,21480,機械設計製図２,,4,通年,1,1,2009,9999,sy21480.html,原野智哉,大北裕司,,,,,,,,,,,,
機械工学科,4,1,21444,機械工学実験１,,3,通年,1,1,2009,9999,sy21444.html,西野,原野,大北,西本,,,,,,,,,,
機械工学科,4,0,29402,応用数学１,,2,前期,1,1,2009,9999,sy29402.html,杉野?三郎,,,,,,,,,,,,,
機械工学科,4,0,29404,応用数学２,,2,後期,1,1,2009,9999,sy29404.html,杉野?三郎,,,,,,,,,,,,,
機械工学科,4,0,29410,メカトロニクス,,2,後期,1,1,2009,9999,sy29410.html,松浦史法,,,,,,,,,,,,,
機械工学科,4,0,29412,電気電子工学概論,,1,前期,,,2009,9999,sy29412.html,武知英夫,,,,,,,,,,,,,
機械工学科,4,0,29414,材料力学２,,2,後期,1,1,2009,9999,sy29414.html,西野精一,,,,,,,,,,,,,
機械工学科,4,0,29420,材料学２,,2,後期,1,1,2009,9999,sy29420.html,奥本良博,,,,,,,,,,,,,
機械工学科,4,0,29422,工業力学,,2,前期,1,1,2009,9999,sy29422.html,川畑成之,,,,,,,,,,,,,
機械工学科,4,0,29424,水力学,,2,前期,1,1,2009,9999,sy29424.html,大北裕司,,,,,,,,,,,,,
機械工学科,4,0,29426,水力学演習,,1,後期,1,1,2009,9999,sy29426.html,大北裕司,,,,,,,,,,,,,
機械工学科,4,0,29428,熱力学,,2,前期,1,1,2009,9999,sy29428.html,西岡守,,,,,,,,,,,,,
機械工学科,4,0,29430,熱力学演習,,1,後期,1,1,2009,9999,sy29430.html,西岡守,,,,,,,,,,,,,
機械工学科,4,0,29464,文献講読,,1,後期,1,1,2009,9999,sy29464.html,機械工学科全教員,,,,,,,,,,,,,
機械工学科,4,0,29468,３次元CAD,,1,前期,1,1,2009,9999,sy29468.html,多田博夫,,,,,,,,,,,,,
機械工学科,4,0,29472,応用物理２,,2,後期,1,1,2009,9999,sy29472.html,吉田岳人,,,,,,,,,,,,,
機械工学科,4,0,29474,材料力学演習,,1,前期,1,1,2009,9999,sy29474.html,西野精一,,,,,,,,,,,,,
機械工学科,4,0,29486,校外実習,,1,通年,,1,2009,9999,sy29486.html,多田博夫,,,,,,,,,,,,,
機械工学科,4,0,29498,材料工学１,,1,後期,,1,2009,9999,sy29498.html,小西智也,,,,,,,,,,,,,
機械工学科,5,1,21544,機械工学実験２,,2,前期,1,1,2009,9999,sy21544.html,西岡,西野,武知,奥本,松浦,,,,,,,,,
機械工学科,5,1,21547,卒業研究,,10,通年,,1,2009,9999,sy21547.html,機械工学科全教員,,,,,,,,,,,,,
機械工学科,5,0,29506,生産技術概論,,2,後期,1,1,2009,9999,sy29506.html,田中達治,,,,,,,,,,,,,
機械工学科,5,0,29510,制御システム工学,,2,後期,1,1,2009,9999,sy29510.html,川畑成之,,,,,,,,,,,,,
機械工学科,5,0,29514,流体力学,,2,前期,1,1,2009,9999,sy29514.html,大北裕司,,,,,,,,,,,,,
機械工学科,5,0,29516,機械力学,,2,前期,1,1,2009,9999,sy29516.html,川畑成之,,,,,,,,,,,,,
機械工学科,5,0,29530,環境力学,,2,前期,1,1,2009,9999,sy29530.html,西岡守,,,,,,,,,,,,,
機械工学科,5,0,29540,材料科学,,1,後期,,1,2009,9999,sy29540.html,奥本良博,,,,,,,,,,,,,
機械工学科,5,0,29546,塑性加工工学,,1,前期,,1,2009,9999,sy29546.html,安田武司,,,,,,,,,,,,,
機械工学科,5,0,29566,熱工学,,2,後期,1,1,2009,9999,sy29566.html,西岡守,,,,,,,,,,,,,
機械工学科,5,0,29570,プログラミング演習,,2,通年,1,1,2009,9999,sy29570.html,松浦史法,,,,,,,,,,,,,
機械工学科,5,0,29572,応用物理３,,2,前期,1,1,2009,9999,sy29572.html,吉田岳人,,,,,,,,,,,,,
機械工学科,5,0,29597,材料工学３,,1,後期,,1,2009,9999,sy29597.html,神原康雄,,,,,,,,,,,,,
機械工学科,5,0,29598,材料工学２,,1,前期,,1,2009,9999,sy29598.html,神原康雄,,,,,,,,,,,,,
電気電子工学科,1,1,51101,ものづくり工学基礎,,2,通年,,,2011,9999,sy51101.html,奥本,中野,福見,湯城,松浦,安田,當宮,正木,中村厚信,砂原,岩佐,田中達治,杉野,福田
電気電子工学科,1,1,51103,ものづくり工学実習,,4,通年,,,2011,9999,sy51103.html,川畑,中村雄一,安野,松保,松本,小松,釜野,岡本,伊丹,一ノ瀬,小林,吉村,川上,
電気電子工学科,1,1,51105,デザイン基礎,,2,通年,,,2011,9999,sy51105.html,多田,島田,森山,,,,,,,,,,,
電気電子工学科,1,1,51107,情報リテラシー,,2,通年,,,2011,9999,sy51107.html,田中達治,岡本浩行,一ノ瀬元喜,小林美緒,上原信知,,,,,,,,,
電気電子工学科,2,1,31216,電気磁気学１,,2,通年,,,2011,9999,sy31216.html,小松実,,,,,,,,,,,,,
電気電子工学科,2,1,31230,電気電子工学実験２,,3,通年,,,2011,9999,sy31230.html,釜野勝,上原信知,,,,,,,,,,,,
電気電子工学科,2,1,31232,電気回路論１,,2,通年,,,2011,9999,sy31232.html,中村雄一,,,,,,,,,,,,,
電気電子工学科,2,1,31275,ディジタル回路１,,1,後期,,,2011,9999,sy31275.html,小松実,,,,,,,,,,,,,
電気電子工学科,2,0,39281,電気電子製図,,1,前期,,,2011,9999,sy39281.html,釜野勝,,,,,,,,,,,,,
電気電子工学科,2,0,39291,電気電子基礎,,1,通年,,,2011,9999,sy39291.html,中野好典,,,,,,,,,,,,,
電気電子工学科,3,1,31324,電子回路,,1,後期,,,2011,9999,sy31324.html,釜野勝,,,,,,,,,,,,,
電気電子工学科,3,1,31327,電気電子工学実験３,,3,通年,,,2011,9999,sy31327.html,正木和夫,砂原米彦,松本高志,中村雄一,,,,,,,,,,
電気電子工学科,3,1,31384,電気計測,,2,通年,,,2011,9999,sy31384.html,松本高志,,,,,,,,,,,,,
電気電子工学科,3,0,39315,電子工学,,1,後期,,,2011,9999,sy39315.html,正木和夫,,,,,,,,,,,,,
電気電子工学科,3,0,39316,電気磁気学,,2,通年,,,2011,9999,sy39316.html,長谷川竜生,和田英作,,,,,,,,,,,,
電気電子工学科,3,0,39332,電気回路論,,2,通年,,,2011,9999,sy39332.html,中野好典,,,,,,,,,,,,,
電気電子工学科,3,0,39349,電気機器工学１,,1,後期,,,2011,9999,sy39349.html,當宮辰美,,,,,,,,,,,,,
電気電子工学科,3,0,39371,応用物理１,,2,通年,,,2011,9999,sy39371.html,松尾俊寛,,,,,,,,,,,,,
電気電子工学科,3,0,39375,ディジタル回路２,,1,前期,,,2011,9999,sy39375.html,中村雄一,,,,,,,,,,,,,
電気電子工学科,4,1,31430,電気電子工学実験４,,3,通年,1,1,2011,9999,sy31430.html,當宮,中野,砂原,中村厚,松本,釜野,上原,,,,,,,
電気電子工学科,4,1,31457,電子回路設計製作実習,,2,通年,1,1,2011,9999,sy31457.html,長谷川竜生,,,,,,,,,,,,,
電気電子工学科,4,0,39402,応用数学１,,2,前期,1,1,2011,9999,sy39402.html,今井仁司,,,,,,,,,,,,,
電気電子工学科,4,0,39403,発変電工学,,2,通年,,,2011,9999,sy39403.html,森本隼人,中岡源太,,,,,,,,,,,,
電気電子工学科,4,0,39404,応用数学２,,2,後期,1,1,2011,9999,sy39404.html,杉野?三郎,,,,,,,,,,,,,
電気電子工学科,4,0,39416,電気磁気学,,2,前期,1,1,2011,9999,sy39416.html,松本高志,,,,,,,,,,,,,
電気電子工学科,4,0,39418,制御工学１,,2,後期,1,1,2011,9999,sy39418.html,當宮辰美,,,,,,,,,,,,,
電気電子工学科,4,0,39420,電気電子材料,,2,前期,1,1,2011,9999,sy39420.html,中村厚信,,,,,,,,,,,,,
電気電子工学科,4,0,39424,電子回路,,2,後期,1,1,2011,9999,sy39424.html,釜野勝,,,,,,,,,,,,,
電気電子工学科,4,0,39432,電気回路論,,2,前期,1,1,2011,9999,sy39432.html,上原信知,,,,,,,,,,,,,
電気電子工学科,4,0,39442,電磁波工学,,2,後期,1,1,2011,9999,sy39442.html,砂原米彦,,,,,,,,,,,,,
電気電子工学科,4,0,39449,電気機器工学２,,2,前期,1,1,2011,9999,sy39449.html,當宮辰美,,,,,,,,,,,,,
電気電子工学科,4,0,39450,電気機器工学３,,1,後期,,,2011,9999,sy39450.html,北條昌秀,,,,,,,,,,,,,
電気電子工学科,4,0,39455,プログラミング演習１,,1,前期,1,1,2011,9999,sy39455.html,小松実,,,,,,,,,,,,,
電気電子工学科,4,0,39461,校外実習１,,1,通年,,,2011,9999,sy39461.html,松本高志,,,,,,,,,,,,,
電気電子工学科,4,0,39463,校外実習２,,1,通年,,1,2011,9999,sy39463.html,松本高志,,,,,,,,,,,,,
電気電子工学科,4,0,39472,応用物理２,,2,後期,1,1,2011,9999,sy39472.html,吉田岳人,,,,,,,,,,,,,
電気電子工学科,4,0,39491,電気電子工学総合演習,,1,通年,,,2011,9999,sy39491.html,電気電子工学科全教員,,,,,,,,,,,,,
電気電子工学科,4,0,39498,材料工学１,,1,後期,,1,2011,9999,sy39498.html,小西智也,,,,,,,,,,,,,
電気電子工学科,5,1,31530,電気電子工学実験５,,3,通年,1,1,2011,9999,sy31530.html,正木,中野,中村厚,松本,小松,,,,,,,,,
電気電子工学科,5,1,31559,創造工学実習,,2,前期,1,1,2011,9999,sy31559.html,中村雄一,上原信知,,,,,,,,,,,,
電気電子工学科,5,1,31591,卒業研究,,10,通年,,1,2011,9999,sy31591.html,電気電子工学科全教員,,,,,,,,,,,,,
電気電子工学科,5,0,39503,発変電工学,,2,通年,,,2011,9999,sy39503.html,森本隼人,中岡源太,,,,,,,,,,,,
電気電子工学科,5,0,39506,高電圧工学,,1,後期,,,2011,9999,sy39506.html,下村直行,,,,,,,,,,,,,
電気電子工学科,5,0,39511,パワーエレクトロニクス,,1,後期,,1,2011,9999,sy39511.html,中村厚信,,,,,,,,,,,,,
電気電子工学科,5,0,39514,原子力工学,,2,後期,1,1,2011,9999,sy39514.html,中村厚信,中村雄一,,,,,,,,,,,,
電気電子工学科,5,0,39517,電気法規,,1,前期,,,2011,9999,sy39517.html,仁木貴敏,,,,,,,,,,,,,
電気電子工学科,5,0,39522,半導体電子工学,,2,後期,1,1,2011,9999,sy39522.html,正木和夫,,,,,,,,,,,,,
電気電子工学科,5,0,39528,制御工学２,,2,前期,1,1,2011,9999,sy39528.html,當宮辰美,,,,,,,,,,,,,
電気電子工学科,5,0,39538,通信工学理論,,2,前期,1,1,2011,9999,sy39538.html,砂原米彦,,,,,,,,,,,,,
電気電子工学科,5,0,39546,無線工学,,2,前期,1,1,2011,9999,sy39546.html,松本高志,,,,,,,,,,,,,
電気電子工学科,5,0,39553,電波法規,,1,前期,,,2011,9999,sy39553.html,近藤光徳,,,,,,,,,,,,,
電気電子工学科,5,0,39555,プログラミング実習２,,1,前期,1,1,2011,9999,sy39555.html,小松実,,,,,,,,,,,,,
電気電子工学科,5,0,39565,オプトエレクトロニクス,,2,後期,1,1,2011,9999,sy39565.html,長谷川竜生,,,,,,,,,,,,,
電気電子工学科,5,0,39572,応用物理３,,2,前期,1,1,2011,9999,sy39572.html,吉田岳人,,,,,,,,,,,,,
電気電子工学科,5,0,39585,情報理論,,2,後期,1,1,2011,9999,sy39585.html,中村雄一,,,,,,,,,,,,,
電気電子工学科,5,0,39597,材料工学３,,1,後期,,1,2011,9999,sy39597.html,神原康雄,,,,,,,,,,,,,
電気電子工学科,5,0,39598,材料工学２,,1,前期,,1,2011,9999,sy39598.html,神原康雄,,,,,,,,,,,,,
制御情報工学科,1,1,51101,ものづくり工学基礎,,2,通年,,,2009,9999,sy51101.html,奥本,中野,福見,湯城,松浦,安田,當宮,正木,中村厚信,砂原,岩佐,田中達治,杉野,福田
制御情報工学科,1,1,51103,ものづくり工学実習,,4,通年,,,2009,9999,sy51103.html,川畑,中村雄一,安野,松保,松本,小松,釜野,岡本,伊丹,一ノ瀬,小林,吉村,川上,
制御情報工学科,1,1,51105,デザイン基礎,,2,通年,,,2009,9999,sy51105.html,多田,島田,森山,,,,,,,,,,,
制御情報工学科,1,1,51107,情報リテラシー,,2,通年,,,2009,9999,sy51107.html,田中達治,岡本浩行,一ノ瀬元喜,小林美緒,上原信知,,,,,,,,,
制御情報工学科,2,1,71212,電気基礎,,2,通年,,,2009,9999,sy71212.html,田中達治,安野恵実子,,,,,,,,,,,,
制御情報工学科,2,1,71216,回路技術実習,,2,後期,,,2009,9999,sy71216.html,福見淳二,安野恵実子,,,,,,,,,,,,
制御情報工学科,2,1,71227,プログラミング演習,,2,通年,,,2009,9999,sy71227.html,田中達治,岡本浩行,小林美緒,福田耕治,,,,,,,,,,
制御情報工学科,2,0,79205,データ構造とアルゴリズム,,2,通年,,,2009,9999,sy79205.html,一ノ瀬元喜,小林美緒,,,,,,,,,,,,
制御情報工学科,2,0,79209,計算機基礎演習,,2,通年,,,2009,9999,sy79209.html,一ノ瀬元喜,小林美緒,,,,,,,,,,,,
制御情報工学科,3,1,71316,回路技術基礎,,2,通年,,,2009,9999,sy71316.html,福田耕治,安野恵実子,,,,,,,,,,,,
制御情報工学科,3,1,71321,マイクロコンピュータ,,1,通年,,,2009,9999,sy71321.html,福田,福見,伊丹,安野,一ノ瀬,小林,,,,,,,,
制御情報工学科,3,1,71322,組み込みマイコン実習,,3,通年,,,2009,9999,sy71322.html,福田,福見,伊丹,安野,一ノ瀬,小林,,,,,,,,
制御情報工学科,3,0,79305,ソフトウェア設計,,2,後期,,,2009,9999,sy79305.html,岡本浩行,一ノ瀬元喜,,,,,,,,,,,,
制御情報工学科,3,0,79310,情報処理演習,,2,前期,,,2009,9999,sy79310.html,岩佐健司,田中達治,,,,,,,,,,,,
制御情報工学科,3,0,79327,プログラミング演習,,2,通年,,,2009,9999,sy79327.html,岡本浩行,小林美緒,,,,,,,,,,,,
制御情報工学科,3,0,79371,応用物理１,,2,通年,,,2009,9999,sy79371.html,平山基,,,,,,,,,,,,,
制御情報工学科,4,1,71431,制御工学基礎,,2,前期,1,1,2009,9999,sy71431.html,福見淳二,福田耕治,,,,,,,,,,,,
制御情報工学科,4,1,71433,計測工学基礎,,2,前期,1,1,2009,9999,sy71433.html,伊丹伸,安野恵実子,,,,,,,,,,,,
制御情報工学科,4,1,71435,計測基礎実習,,1,後期,,1,2009,9999,sy71435.html,伊丹伸,福田耕治,福見淳二,安野恵実子,,,,,,,,,,
制御情報工学科,4,1,71462,ロボット創造実習,,4,通年,1,1,2009,9999,sy71462.html,福田耕治,伊丹伸,,,,,,,,,,,,
制御情報工学科,4,0,79402,応用数学２,,2,後期,1,1,2009,9999,sy79402.html,杉野?三郎,,,,,,,,,,,,,
制御情報工学科,4,0,79410,シーケンス制御工学,,2,前期,1,1,2009,9999,sy79410.html,伊丹伸,,,,,,,,,,,,,
制御情報工学科,4,0,79416,回路技術,,2,後期,1,1,2009,9999,sy79416.html,福見淳二,,,,,,,,,,,,,
制御情報工学科,4,0,79427,応用プログラミング１,,2,前期,1,1,2009,9999,sy79427.html,岡本浩行,,,,,,,,,,,,,
制御情報工学科,4,0,79434,機械工学概論,,2,後期,1,1,2009,9999,sy79434.html,宮城勢治,,,,,,,,,,,,,
制御情報工学科,4,0,79448,校外実習,,1,通年,,1,2009,9999,sy79448.html,福田耕治,,,,,,,,,,,,,
制御情報工学科,4,0,79450,創造工学ゼミナール,,2,通年,,,2009,9999,sy79450.html,制御情報工学科全教員,,,,,,,,,,,,,
制御情報工学科,4,0,79462,ロボット工学基礎,,2,前期,1,1,2009,9999,sy79462.html,福田耕治,,,,,,,,,,,,,
制御情報工学科,4,0,79464,文献講読,,2,通年,1,1,2009,9999,sy79464.html,制御情報工学科全教員,,,,,,,,,,,,,
制御情報工学科,4,0,79472,応用物理２,,2,後期,1,1,2009,9999,sy79472.html,吉田岳人,,,,,,,,,,,,,
制御情報工学科,4,0,79474,応用数学１,,2,前期,1,1,2009,9999,sy79474.html,杉野?三郎,,,,,,,,,,,,,
制御情報工学科,4,0,79480,制御数理,,1,前期,,,2009,9999,sy79480.html,杉野?三郎,一ノ瀬元喜,,,,,,,,,,,,
制御情報工学科,4,0,79485,情報数理,,1,後期,,,2009,9999,sy79485.html,杉野?三郎,一ノ瀬元喜,,,,,,,,,,,,
制御情報工学科,4,0,79498,材料工学１,,1,後期,,1,2009,9999,sy79498.html,小西智也,,,,,,,,,,,,,
制御情報工学科,5,1,71566,ロボット製作実習,,2,前期,1,1,2009,9999,sy71566.html,福見淳二,安野恵実子,,,,,,,,,,,,
制御情報工学科,5,1,71591,卒業研究,,10,通年,,1,2009,9999,sy71591.html,制御情報工学科全教員,,,,,,,,,,,,,
制御情報工学科,5,0,79514,制御工学３,,2,後期,1,1,2009,9999,sy79514.html,福見淳二,,,,,,,,,,,,,
制御情報工学科,5,0,79520,計算機工学,,2,後期,1,1,2009,9999,sy79520.html,岩佐健司,,,,,,,,,,,,,
制御情報工学科,5,0,79522,制御工学２,,2,前期,1,1,2009,9999,sy79522.html,森住昇,,,,,,,,,,,,,
制御情報工学科,5,0,79529,ソフトウェア工学,,1,前期,,,2009,9999,sy79529.html,獅々堀正幹,,,,,,,,,,,,,
制御情報工学科,5,0,79531,言語処理,,1,前期,,,2009,9999,sy79531.html,田中達治,岡本浩行,,,,,,,,,,,,
制御情報工学科,5,0,79538,生産技術概論,,2,後期,1,1,2009,9999,sy79538.html,田中達治,,,,,,,,,,,,,
制御情報工学科,5,0,79559,システム開発,,2,前期,1,1,2009,9999,sy79559.html,田中達治,,,,,,,,,,,,,
制御情報工学科,5,0,79568,CADシステム,,2,前期,1,1,2009,9999,sy79568.html,田中達治,,,,,,,,,,,,,
制御情報工学科,5,0,79572,応用物理３,,2,前期,1,1,2009,9999,sy79572.html,吉田岳人,,,,,,,,,,,,,
制御情報工学科,5,0,79585,信号処理基礎,,2,後期,1,1,2009,9999,sy79585.html,伊丹伸,,,,,,,,,,,,,
制御情報工学科,5,0,79587,情報理論,,2,後期,1,1,2009,9999,sy79587.html,中村雄一,,,,,,,,,,,,,
制御情報工学科,5,0,79589,ネットワーク技術,,2,後期,1,1,2009,9999,sy79589.html,田中達治,,,,,,,,,,,,,
制御情報工学科,5,0,79597,材料工学３,,1,後期,,1,2009,9999,sy79597.html,神原康雄,,,,,,,,,,,,,
制御情報工学科,5,0,79598,材料工学２,,1,前期,,1,2009,9999,sy79598.html,神原康雄,,,,,,,,,,,,,
建設システム工学科,1,1,51101,ものづくり工学基礎,,2,通年,,,2009,9999,sy51101.html,奥本,中野,福見,湯城,松浦,安田,當宮,正木,中村厚信,砂原,岩佐,田中達治,杉野,福田
建設システム工学科,1,1,51103,ものづくり工学実習,,4,通年,,,2009,9999,sy51103.html,川畑,中村雄一,安野,松保,松本,小松,釜野,岡本,伊丹,一ノ瀬,小林,吉村,川上,
建設システム工学科,1,1,51105,デザイン基礎,,2,通年,,,2009,9999,sy51105.html,多田,島田,森山,,,,,,,,,,,
建設システム工学科,1,1,51107,情報リテラシー,,2,通年,,,2009,9999,sy51107.html,田中達治,岡本浩行,一ノ瀬元喜,小林美緒,上原信知,,,,,,,,,
建設システム工学科,2,1,81220,構造力学基礎,,1,後期,,,2009,9999,sy81220.html,笹田修司,,,,,,,,,,,,,
建設システム工学科,2,1,81240,測量学１,,2,通年,,,2009,9999,sy81240.html,堀井克章,,,,,,,,,,,,,
建設システム工学科,2,1,81241,材料学,,1,後期,,,2009,9999,sy81241.html,堀井克章,,,,,,,,,,,,,
建設システム工学科,2,1,81276,測量実習,,2,通年,,,2009,9999,sy81276.html,堀井克章,天野泰宏,,,,,,,,,,,,
建設システム工学科,2,0,89269,CAD製図,,1,前期,,,2009,9999,sy89269.html,笹田修司,島田富美男,,,,,,,,,,,,
建設システム工学科,2,0,89283,環境生物学,,1,後期,,,2009,9999,sy89283.html,大田直友,,,,,,,,,,,,,
建設システム工学科,3,1,81320,構造力学１,,2,通年,,,2009,9999,sy81320.html,笹田修司,,,,,,,,,,,,,
建設システム工学科,3,1,81328,水理学１,,2,通年,,,2009,9999,sy81328.html,湯城豊勝,,,,,,,,,,,,,
建設システム工学科,3,1,81330,土質工学１,,2,通年,,,2009,9999,sy81330.html,吉村洋,,,,,,,,,,,,,
建設システム工学科,3,1,81376,測量実習,,2,通年,,,2009,9999,sy81376.html,加藤研二,川上周司,,,,,,,,,,,,
建設システム工学科,3,0,89340,測量学２,,2,通年,,,2009,9999,sy89340.html,加藤研二,,,,,,,,,,,,,
建設システム工学科,3,0,89369,建築製図,,1,後期,,,2009,9999,sy89369.html,鳥羽知夫,加藤研二,,,,,,,,,,,,
建設システム工学科,3,0,89371,応用物理１,,2,通年,,,2009,9999,sy89371.html,松尾俊寛,,,,,,,,,,,,,
建設システム工学科,3,0,89377,データ処理,,1,前期,,,2009,9999,sy89377.html,島田富美男,笹田修司,,,,,,,,,,,,
建設システム工学科,4,1,81459,材料実験,,2,通年,,,2009,9999,sy81459.html,天羽和夫,堀井克章,川上周司,,,,,,,,,,,
建設システム工学科,4,1,81487,土質実験,,2,通年,1,1,2009,9999,sy81487.html,吉村洋,加藤研二,天野泰宏,,,,,,,,,,,
建設システム工学科,4,0,89410,プログラミング２,,2,通年,,1,2009,9999,sy89410.html,笹田修司,,,,,,,,,,,,,
建設システム工学科,4,0,89422,構造力学２,,4,通年,1,1,2009,9999,sy89422.html,森山卓郎,,,,,,,,,,,,,
建設システム工学科,4,0,89426,水工学,,2,後期,1,1,2009,9999,sy89426.html,島田富美男,湯城豊勝,,,,,,,,,,,,
建設システム工学科,4,0,89428,水理学２,,2,前期,1,1,2009,9999,sy89428.html,島田富美男,,,,,,,,,,,,,
建設システム工学科,4,0,89430,土質工学２,,2,前期,1,1,2009,9999,sy89430.html,吉村洋,,,,,,,,,,,,,
建設システム工学科,4,0,89440,測量学３,,2,前期,1,1,2009,9999,sy89440.html,加藤研二,,,,,,,,,,,,,
建設システム工学科,4,0,89444,コンクリート構造学１,,2,後期,1,1,2009,9999,sy89444.html,天羽和夫,,,,,,,,,,,,,
建設システム工学科,4,0,89454,建設システム設計製図,,2,通年,1,1,2009,9999,sy89454.html,加藤研二,湯城豊勝,,,,,,,,,,,,
建設システム工学科,4,0,89466,建設システム総合演習,,1,後期,,1,2009,9999,sy89466.html,建設システム工学科全教員,,,,,,,,,,,,,
建設システム工学科,4,0,89472,応用物理２,,2,後期,1,1,2009,9999,sy89472.html,吉田岳人,,,,,,,,,,,,,
建設システム工学科,4,0,89478,応用数学１,,2,前期,1,1,2009,9999,sy89478.html,今井仁司,,,,,,,,,,,,,
建設システム工学科,4,0,89480,応用数学２,,2,後期,1,1,2009,9999,sy89480.html,杉野?三郎,,,,,,,,,,,,,
建設システム工学科,4,0,89481,校外実習,,1,通年,,1,2009,9999,sy89481.html,堀井克章,,,,,,,,,,,,,
建設システム工学科,4,0,89488,構造工学１,,2,前期,1,1,2009,9999,sy89488.html,松保明憲,,,,,,,,,,,,,
建設システム工学科,4,0,89498,材料工学１,,1,後期,,1,2009,9999,sy89498.html,小西智也,,,,,,,,,,,,,
建設システム工学科,5,1,81502,水理実験,,1,後期,1,1,2009,9999,sy81502.html,島田富美男,湯城豊勝,,,,,,,,,,,,
建設システム工学科,5,1,81504,環境実験,,1,前期,1,1,2009,9999,sy81504.html,湯城豊勝,川上周司,大田直友,,,,,,,,,,,
建設システム工学科,5,1,81567,卒業研究,,10,通年,,1,2009,9999,sy81567.html,建設システム工学科全教員,,,,,,,,,,,,,
建設システム工学科,5,0,89506,応用材料学,,2,前期,1,1,2009,9999,sy89506.html,堀井克章,,,,,,,,,,,,,
建設システム工学科,5,0,89511,景観工学,,1,前期,,,2009,9999,sy89511.html,内野輝明,,,,,,,,,,,,,
建設システム工学科,5,0,89536,施工管理学,,2,後期,1,1,2009,9999,sy89536.html,吉村洋,,,,,,,,,,,,,
建設システム工学科,5,0,89544,コンクリート構造学２,,2,前期,1,1,2009,9999,sy89544.html,天羽和夫,,,,,,,,,,,,,
建設システム工学科,5,0,89549,都市計画,,1,前期,,,2009,9999,sy89549.html,澤田俊明,,,,,,,,,,,,,
建設システム工学科,5,0,89552,地域計画,,2,前期,1,,2009,9999,sy89552.html,新居照和,,,,,,,,,,,,,
建設システム工学科,5,0,89553,建築計画,,2,通年,,,2009,9999,sy89553.html,伊月善彦,,,,,,,,,,,,,
建設システム工学科,5,0,89554,建設システム設計製図,,2,通年,1,1,2009,9999,sy89554.html,松保明憲,,,,,,,,,,,,,
建設システム工学科,5,0,89572,応用物理３,,2,前期,1,1,2009,9999,sy89572.html,吉田岳人,,,,,,,,,,,,,
建設システム工学科,5,0,89588,構造工学２,,2,後期,1,1,2009,9999,sy89588.html,松保明憲,,,,,,,,,,,,,
建設システム工学科,5,0,89590,構造解析学,,2,後期,1,1,2009,9999,sy89590.html,森山卓郎,,,,,,,,,,,,,
建設システム工学科,5,0,89591,環境工学１,,2,前期,1,1,2009,9999,sy89591.html,大田直友,,,,,,,,,,,,,
建設システム工学科,5,0,89592,環境工学２,,2,後期,1,1,2009,9999,sy89592.html,川上周司,,,,,,,,,,,,,
建設システム工学科,5,0,89597,材料工学３,,1,後期,,1,2009,9999,sy89597.html,神原康雄,,,,,,,,,,,,,
建設システム工学科,5,0,89598,材料工学２,,1,前期,,1,2009,9999,sy89598.html,神原康雄,,,,,,,,,,,,,
