氏名,氏（かな）,名（かな）,所属,職名,TEL,性別,E-mail,user_id,role
校長,こうちょう,,管理部門,,200,,kocho@anan-nct.ac.jp,,admin
事務部長,じむぶちょう,,管理部門,,201,,bucho@anan-nct.ac.jp,,manager
総務課長,そうむかちょう,,総務課,,210,,s-kacho@anan-nct.ac.jp,,manager
総務課長補佐（総務）,そうむかちょうほさ, ,総務課,,,,s-hosasoumu@anan-nct.ac.jp,,manager
総務課長補佐（財務）,そうむちょうほさざいむ,,総務課,,,,s-hosazaimu@anan-nct.ac.jp,,manager
学生課長,がくせいかちょう,,学生課,,250,,g-kacho@anan-nct.ac.jp,,manager
学生課長補佐,がくせいかちょうほさ,,学生課,,279,,g-hosagakusei@anan-nct.ac.jp,,manager
総務広報係,そうむこうほうかかり, ,総務課,,,,soumukoho@anan-nct.ac.jp,,manager
総務広報係長,そうむこうほうかかりちょう,,総務課,,,,soumukoho-c@anan-nct.ac.jp,,manager
企画係,きかくかかり,,総務課,,,,kikaku@anan-nct.ac.jp,,manager
企画係長,きかくかかりちょう,,総務課,,,,kikaku-c@anan-nct.ac.jp,,staff
人事係,じんじかかり,,総務課,,,,jinji@anan-nct.ac.jp,,staff
人事係長,じんじかかりちょう,,総務課,,,,jinji-c@anan-nct.ac.jp,,staff
教務係,きょうむかかり,,学生課,,280,,kyomu@anan-nct.ac.jp,,staff
教務係長,きょうむかかりちょう,,学生課,,280,,kyomu-c@anan-nct.ac.jp,,staff
学生係,がくせいかかり,,学生課,,281,,gakusei@anan-nct.ac.jp,,staff
学生係長,がくせいかかりちょう,,学生課,,281,,gakusei-c@anan-nct.ac.jp,,staff
財務係,ざいむかかり,,総務課,,,,zaimu@anan-nct.ac.jp,,staff
財務係長,ざいむかかりちょう,,総務課,,,,zaimu-c@anan-nct.ac.jp,,staff
契約係,けいやくかかり,,総務課,,,,keiyaku@anan-nct.ac.jp,,staff
契約係長,けいやくかかりちょう,,総務課,,,,keiyaku-c@anan-nct.ac.jp,,staff
施設係,しせつかかり,,総務課,,237,,sisetsu@anan-nct.ac.jp,,staff
施設係長,しせつかかりちょう,,総務課,,237,,sisetsu-c@anan-nct.ac.jp,,staff
図書・情報係,としょ・じょうほうかかり,,総務課,,216,,tosho@anan-nct.ac.jp,,staff
図書・情報係長,としよ・じようほうかかりちよう,,総務課,,216,,tosho-c@anan-nct.ac.jp,,staff
寮務係,りょうむかかり,,学生課,,254,,ryomu@anan-nct.ac.jp,,staff
寮務係長,りょうむかかりちょう,,学生課,,254,,ryomu-c@anan-nct.ac.jp,,staff
宮本　陽生,みやもと　はるお,,一般教科,教授,317,,hmiya@anan-nct.ac.jp,,teacher
林田　栄治,はやしだ　えいじ,,一般教科,教授,314,,eiji@anan-nct.ac.jp,,teacher
中村　厚信,なかむら　あつのぶ,,電気電子工学科,教授,309,,anakamur@anan-nct.ac.jp,,teacher
坪井　泰士,つぼい　たいじ,,一般教科,教授,301,,tsuboi@anan-nct.ac.jp,,manager
川崎　敏和,かわさき　としかず,,一般教科,教授,307,,kawasaki@anan-nct.ac.jp,,teacher
勝藤　和子,かつふじ　かずこ,,一般教科,教授,325,,k-katsu@anan-nct.ac.jp,,teacher
錦織　浩文,にしこおり　ひろふみ,,一般教科,教授,310,,nishiki@anan-nct.ac.jp,,teacher
藤居　岳人,ふじい　たけと,,一般教科,教授,,,taketo@anan-nct.ac.jp,,manager
西岡　守,にしおか　まもる,,機械工学科,教授,354,,nishioka@anan-nct.ac.jp,,manager
多田　博夫,ただ　ひろお,,機械工学科,教授,352,,tadahiro@anan-nct.ac.jp,,teacher
西野　精一,にしの　せいいち,,機械工学科,教授,,,snishino@anan-nct.ac.jp,,teacher
吉田　岳人,よしだ　たけひと,,機械工学科,教授,569,,takehito@anan-nct.ac.jp,,teacher
松浦　史法,まつうら　ふみのり,,機械工学科,助教,内線 328,,mat@anan-nct.ac.jp,,teacher
當宮　辰美,とうみや　たつみ,,電気電子工学科,教授,407,,toumiya@anan-nct.ac.jp,,manager
正木　和夫,まさき　かずお,,電気電子工学科,教授,409,,masaki@anan-nct.ac.jp,,teacher
中野　好典,なかの　よしのり,,電気電子工学科,教授,412,,nakano@anan-nct.ac.jp,,teacher
砂原　米彦,すなはら　よねひこ,,電気電子工学科,教授,406,,sunahara@anan-nct.ac.jp,,teacher
宮城　勢治,みやしろ　せいじ,,制御情報工学科,特任教授,451,,miyasiro@anan-nct.ac.jp,,teacher
森住　昇,もりずみ　のぼる,,制御情報工学科,嘱託教授,366,,morizumi@anan-nct.ac.jp,,teacher
岩佐　健司,いわさ　たけし,,制御情報工学科,教授,460,,iwasa2@anan-nct.ac.jp,,admin
田中　達治,たなか　たつじ,,制御情報工学科,教授,380,,ttanaka@anan-nct.ac.jp,,manager
杉野　隆三郎,すぎの　りゅうさぶろう,,制御情報工学科,教授,568,,sugino@anan-nct.ac.jp,,teacher
天羽　和夫,あもう　かずお,,建設システム工学科,嘱託教授,503,,amo@anan-nct.ac.jp,,teacher
島田　富美男,しまだ　とみお,,建設システム工学科,教授,501,,shimada@anan-nct.ac.jp,,teacher
湯城　豊勝,ゆうき　とよかつ,,建設システム工学科,教授,500,,yuuki@anan-nct.ac.jp,,manager
堀井　克章,ほりい　かつのり,,建設システム工学科,教授,509,,horii@anan-nct.ac.jp,,teacher
笹田　修司,ささだ　しゅうじ,,建設システム工学科,教授,508,,sasada@anan-nct.ac.jp,,teacher
一森　勇人,いちもり　はやと,,一般教科,准教授,300,,ichimori@anan-nct.ac.jp,,teacher
櫛田　雅弘,くしだ　まさひろ,,一般教科,准教授,303,,kushida@anan-nct.ac.jp,,teacher
今田　浩之,いまだ　ひろゆき,,一般教科,准教授,302,,imada@anan-nct.ac.jp,,teacher
谷中　俊裕,たになか　としひろ,,一般教科,准教授,313,,t_tani@anan-nct.ac.jp,,teacher
田上　隆徳,たがみ　たかのり,,一般教科,准教授,316,,tagami@anan-nct.ac.jp,,teacher
新井　修,あらい　おさむ,,一般教科,准教授,312,,arai0731@anan-nct.ac.jp,,teacher
武知　英夫,たけち　ひでお,,機械工学科,准教授,350,,takechi@anan-nct.ac.jp,,teacher
奥本　良博,おくもと　よしひろ,,機械工学科,准教授,450,,oku@anan-nct.ac.jp,,teacher
原野　智哉,はらの　ともき,,機械工学科,准教授,内線609,,harano@anan-nct.ac.jp,,teacher
大北　裕司,おおきた　ゆうじ,,機械工学科,准教授,359,,okita@anan-nct.ac.jp,,teacher
川畑　成之,かわばた　なりゆき,,機械工学科,准教授,326,,n_kawa@anan-nct.ac.jp,,teacher
中村　雄一,なかむら　ゆういち,,電気電子工学科,准教授,557,,yuichi@anan-nct.ac.jp,,teacher
松本　高志,まつもと　たかし,,電気電子工学科,准教授,408,,matumoto@anan-nct.ac.jp,,admin
長谷川　竜生,はせがわ　たつお,,電気電子工学科,准教授,418,,hasegawa@anan-nct.ac.jp,,teacher
小松　実,こまつ　みのる,,電気電子工学科,准教授,419,,komatsu@anan-nct.ac.jp,,teacher
釜野　勝,かまの　まさる,,電気電子工学科,准教授,405,,kamano@anan-nct.ac.jp,,teacher
上原　信知,うえはら　のぶとも,,電気電子工学科,准教授,,,uehara@anan-nct.ac.jp,,teacher
福田　耕治,ふくだ　こうじ,,制御情報工学科,准教授,463,,fukuda@anan-nct.ac.jp,,teacher
福見　淳二,ふくみ　じゅんじ,,制御情報工学科,准教授,457,,fukumi@anan-nct.ac.jp,,teacher
岡本　浩行,おかもと　ひろゆき,,制御情報工学科,准教授,558,,okamoto@anan-nct.ac.jp,,teacher
安野　恵実子,やすの　えみこ,,制御情報工学科,准教授,367,,yasuno@anan-nct.ac.jp,,teacher
松保　重之,まつほ　しげゆき,,建設システム工学科,准教授,551,,matsuho@anan-nct.ac.jp,,teacher
吉村　洋,よしむら　ひろし,,建設システム工学科,准教授,504,,yos@anan-nct.ac.jp,,teacher
森山　卓郎,もりやま　たくろう,,建設システム工学科,准教授,505,,takuro@anan-nct.ac.jp,,teacher
加藤　研二,かとう　けんじ,,建設システム工学科,准教授,507,,kato@anan-nct.ac.jp,,teacher
大田　直友,おおた　なおとも,,建設システム工学科,准教授,502,,ota@anan-nct.ac.jp,,teacher
塚本　史郎,つかもと　しろう,,寄附講座,特別研究教授,,,tsukamot@anan-nct.ac.jp,,staff
小西　智也,こにし　ともや,,寄附講座,特別研究准教授,,,konishi@anan-nct.ac.jp,,staff
藤井　浩美,ふじい　ひろみ,,一般教科,講師,304,,hiromif@anan-nct.ac.jp,,teacher
田中　広志,たなか　ひろし,,一般教科,講師,308,,htanaka@anan-nct.ac.jp,,teacher
山田　耕太郎,やまだ　こうたろう,,一般教科,講師,,,kyamada@anan-nct.ac.jp,,teacher
伊丹　伸,いたみ　しん,,制御情報工学科,講師,456,,itami@anan-nct.ac.jp,,teacher
松尾　俊寛,まつお　としひろ,,一般教科,講師,,,matsuo@anan-nct.ac.jp,,teacher
一ノ瀬　元喜,いちのせ　げんき,,制御情報工学科,助教,368(462),,ichinose@anan-nct.ac.jp,,teacher
小林　美緒,こばやし　みお,,制御情報工学科,助教,602,,kobayashi@anan-nct.ac.jp,,teacher
西本　浩司,にしもと　こうじ,,機械工学科,助教,603,,knishi@anan-nct.ac.jp,,teacher
中島　一,なかしま　はじめ,,一般教科,助教,,,nakashima@anan-nct.ac.jp,,teacher
平山　基,ひらやま　もとい,,一般教科,助教,,,hmotoi@anan-nct.ac.jp,,teacher
川上　周司,かわかみ　しゅうじ,,建設システム工学科,助教,,,shuji@anan-nct.ac.jp,,teacher
安田　武司,やすだ　たけし,,機械工学科,助教,317,,yasuda@anan-nct.ac.jp,,teacher
呉羽　泰枝,くれは　やすえ,,総務課,,245,女,y-kureha@anan-nct.ac.jp,,staff
門田　明,かどた　あきら,,総務課,,,男,kadota@anan-nct.ac.jp,,staff
松本　慧子,まつもと　けいこ,,総務課,,,女,keiko@anan-nct.ac.jp,,staff
�髭田　ゆうこ,はまだ　ゆうこ,,全教職員,,,女,shimahara@anan-nct.ac.jp,,staff
森　幸司,もり　こうじ,,総務課,,,男,kmori@anan-nct.ac.jp,,staff
筒井　勇樹,つつい　ゆうき,,総務課,,,男,tsutsui@anan-nct.ac.jp,,staff
金子　由起,かねこ　ゆき,,総務課,,内線２３５,女,kaneko@anan-nct.ac.jp,,staff
山口　美華,やまぐち　みか,,総務課,,,,yamaguchi@anan-nct.ac.jp,,staff
長岡　洋樹,ながおか　ようじゅ,,総務課,,243,,nagaoka@anan-nct.ac.jp,,staff
岡田　菊市,おかだ　きくいち,,総務課,,243,,okada@anan-nct.ac.jp,,staff
谷口　まどか,たにぐち　まどか,,学生課,,891,,taniguchi@anan-nct.ac.jp,,staff
宮崎　啓子,みやざき　けいこ,,学生課,,,,miyazaki@anan-nct.ac.jp,,staff
青木　久美子,あおき　くみこ,,学生課,,274,,aoki@anan-nct.ac.jp,,staff
呉羽　豊子,くれは　とよこ,,学生課,,257,,t-kureha@anan-nct.ac.jp,,staff
田中　徳一,たなか　とくいち,,全教職員,,259,,tanakat@anan-nct.ac.jp,,staff
井坂　重美,いさか　しげみ,,全教職員,,619,,isaka@anan-nct.ac.jp,,staff
高岸　時夫,たかぎし　ときお,,技術部,,601,,tokio@anan-nct.ac.jp,,staff
木原　義文,きはら　よしふみ,,技術部,,601,,ykihara@anan-nct.ac.jp,,staff
森時　秀司,もりとき　ひでじ,,技術部,,601,,moritoki@anan-nct.ac.jp,,staff
小土手　秀一,こどて　ひでかず,,技術部,,601,,kodote@anan-nct.ac.jp,,staff
平田　均,ひらた　ひとし,,技術部,,602,,hirata@anan-nct.ac.jp,,staff
立石　清,たていし　きよし,,技術部,,602,,tateishi@anan-nct.ac.jp,,staff
川端　明洋,かわばた　あきひろ,,技術部,,"内線322,602",,kawabata@anan-nct.ac.jp,,staff
東條　孝志,とうじょう　たかし,,技術部,,,,toujyou@anan-nct.ac.jp,,staff
遠野　竜翁,とおの　たつお,,技術部,,603,,tono@anan-nct.ac.jp,,admin
立石　学,たていし　まなぶ,,技術部,,,,mtateishi@anan-nct.ac.jp,,staff
東　和之,ひがし　かずゆき,,技術部,,,,higashi@anan-nct.ac.jp,,staff
中村　克孝,なかむら　はじめ,,全教職員,,369,,naka@anan-nct.ac.jp,,staff
大谷　良治,おおたに　よしはる,,全教職員,,356,,ohtani@anan-nct.ac.jp,,staff
渡辺　雅子,わたなべ　まさこ,,全教職員,,,,watanabe@anan-nct.ac.jp,,staff
國方　理恵,くにかた　りえ,,全教職員,,,,kunikata@anan-nct.ac.jp,,staff
眞坂　美江子,まさか　みえこ,,全教職員,,,,masaka@anan-nct.ac.jp,,staff
橋村　幸子,はしむら　さちこ,,寄附講座,,,,hashimura@anan-nct.ac.jp,,staff
平野　知恵子,ひらの　ちえこ,,寄附講座,,,,hirano@anan-nct.ac.jp,,staff
植田　有紀子,うえた　ゆきこ,,寄附講座,,,,yukiko@anan-nct.ac.jp,,staff
鶴羽　正幸,つるは　まさゆき,,企業技術者等活用プログラム,,,,tsuruha@anan-nct.ac.jp,,staff
岡本　敬子,おかもと　けいこ,,全教職員,,,,k-okamoto@anan-nct.ac.jp,,staff
三宅　真紀,みたに　まき,,全教職員,,,,miyake@anan-nct.ac.jp,,staff
三木田　嘉男,みきた　よしを,,全教職員,,,,mikita@anan-nct.ac.jp,,staff
山内　治之,やまうち　はるゆき,,人材養成講座,,,,yamauchi@anan-nct.ac.jp,,staff
大桑　克徳,おおくわ　かつのり,,人材養成講座,,,,ohkuwa@anan-nct.ac.jp,,staff
鳴滝　あづさ,なるたき　あづさ,,人材養成講座,,,,narutaki@anan-nct.ac.jp,,staff
山田　美由紀,やまだ　みゆき,,総務課,,,,yamada@anan-nct.ac.jp,,staff
森岡　和美,もりおか　かずみ,,企業技術者等活用プログラム,,,,morioka@anan-nct.ac.jp,,staff
宇野　浩,うの　ひろし,,企業技術者等活用プログラム,,,,uno@anan-nct.ac.jp,,staff
蔭山　麻優,かげやま　まゆ,,全教職員,,(内線)259,,kageyama@anan-nct.ac.jp,,staff
佃　功一郎,つくだ　こういちろう,,人材養成講座,,,,tsukuda@anan-nct.ac.jp,,staff
大西　良美,おおにし　よしみ,,全教職員,,,,onishi@anan-nct.ac.jp,,staff
リー　トラン　タンタン,りー　とらん　たんたん,,国際交流室,,,,thanhle@anan-nct.ac.jp,,staff
武本　雅子,たけもと　まさこ,,FD高度化推進室,,,,takemoto@anan-nct.ac.jp,,staff
清水　栄子,しみず　えいこ,,FD高度化推進室,,内線　610,,shimizu@anan-nct.ac.jp,,staff
大西　邦枝,おおにし　くにえ,,学生課,,,,kunie@anan-nct.ac.jp,,staff
後藤田　浩二,ごとうだ　こうじ,,FD高度化推進室,,内線　610,,gotouda@anan-nct.ac.jp,,admin
郡　好正,こおり　よしまさ,,人材養成講座,,,,kohri@anan-nct.ac.jp,,staff
池添　純子,いけぞえ　じゅんこ,,全教職員,,,,ikezoe@anan-nct.ac.jp,,staff
福井　千賀子,ふくい　ちかこ,,全教職員,,,,fukui@anan-nct.ac.jp,,staff
清水　晃広,しみず　あきひろ,,学生課,,,,ashimizu@anan-nct.ac.jp,,staff
磯部　多加恵,いそべ　たかえ,,学生課,,,,isobe@anan-nct.ac.jp,,staff
丸山　恵理,まるやま　えり,,学生課,,,,maruyama@anan-nct.ac.jp,,staff
松井　美穂子,まつい　みほこ,,総務課,,,,matsui@anan-nct.ac.jp,,staff
苅谷　亜紀,かりたに　あき,,総務課,,,,karitani@anan-nct.ac.jp,,staff
菊池　永治,きくち　えいじ,,総務課,,,,kikuchi@anan-nct.ac.jp,,staff
長澤　智明,ながさわ　ともあき,,全教職員,,,,nagasawa@anan-nct.ac.jp,,staff
松下　樹里,まつした　じゅり,,技術部,,602,,matsushita@anan-nct.ac.jp,,admin
片桐　由希絵,かたぎり　ゆきえ,,全教職員,,,,katagiri@anan-nct.ac.jp,,staff
神田　理江,かんだ　りえ,,学生課,,,,r.kanda@anan-nct.ac.jp,,staff
湯浅　美智代,ゆあさ　みちよ,,全教職員,,,,yuasa@anan-nct.ac.jp,,staff
向井　あすか,むかい　あすか,,全教職員,,,,mukai@anan-nct.ac.jp,,staff
末廣　悦子,すえひろ　えつこ,,総務課,,,,suehiro@anan-nct.ac.jp,,staff
山田　真穂,やまだ　まほ,,非常勤講師,非常勤講師,,,ptyamada@anan-nct.ac.jp,,teacher
渡邊　奈緒子,わたなべ　なおこ,,非常勤講師,非常勤講師,,,ptwatanabe@anan-nct.ac.jp,,teacher
トラビス　フリンク,とらびす　ふりんく,,非常勤講師,非常勤講師,,,pttravis@anan-nct.ac.jp,,teacher
小笠原　麻衣子,おがさわら　まいこ,,非常勤講師,非常勤講師,,,ptogasawara@anan-nct.ac.jp,,teacher
三宅　恵美,みやけ　えみ,,非常勤講師,非常勤講師,,,ptmiyake@anan-nct.ac.jp,,teacher
宮本　覚和,みやもと　,,非常勤講師,非常勤講師,,,ptmiyamoto@anan-nct.ac.jp,,teacher
濱田　香織,はまだ　かおり,,非常勤講師,非常勤講師,,,pthamada@anan-nct.ac.jp,,teacher
多田　実,ただ　みのる,,非常勤講師,非常勤講師,,,pttada@anan-nct.ac.jp,,teacher
鄭　涛,てい　とう　,,非常勤講師,非常勤講師,,,pttei@anan-nct.ac.jp,,teacher
佐竹　昌之,さたけ　まさゆき,,非常勤講師,非常勤講師,,,ptsatake@anan-nct.ac.jp,,teacher
速水　仰,はやみ　,,非常勤講師,非常勤講師,,,pthayami@anan-nct.ac.jp,,teacher
高山　直子,たかやま　なおこ,,非常勤講師,非常勤講師,,,pttakayama@anan-nct.ac.jp,,teacher
上月　佳代,こうづき　かよ,,非常勤講師,非常勤講師,,,ptkouzuki@anan-nct.ac.jp,,teacher
神原　康雄,かんばら　やすお,,非常勤講師,非常勤講師,,,ptkanbara@anan-nct.ac.jp,,teacher
今井　仁司,いまい　ひとし,,非常勤講師,非常勤講師,,,ptimai@anan-nct.ac.jp,,teacher
和田　英作,わだ　えいさく,,非常勤講師,非常勤講師,,,ptwada@anan-nct.ac.jp,,teacher
北條　昌秀,ほうじょう　まさひで,,非常勤講師,非常勤講師,,,pthoujyou@anan-nct.ac.jp,,teacher
森本　隼人,もりもと　はやと,,非常勤講師,非常勤講師,,,ptmorimoto@anan-nct.ac.jp,,teacher
中岡　源太,なかおか　げんた,,非常勤講師,非常勤講師,,,ptnakaoka@anan-nct.ac.jp,,teacher
下村　直行,しもむら　なおゆき,,非常勤講師,非常勤講師,,,ptshimomura@anan-nct.ac.jp,,teacher
三木　哲志,みき　てつし,,非常勤講師,非常勤講師,,,ptmiki@anan-nct.ac.jp,,teacher
仁木　貴敏,にき　たかとし,,非常勤講師,非常勤講師,,,ptniki@anan-nct.ac.jp,,teacher
近藤　光徳,こんどう　みつのり,,非常勤講師,非常勤講師,,,ptkondou@anan-nct.ac.jp,,teacher
獅々堀　正幹,ししぼり,,非常勤講師,非常勤講師,,,ptsisibori@anan-nct.ac.jp,,teacher
天野　泰宏,あまの　やすひろ,,非常勤講師,非常勤講師,,,ptamano@anan-nct.ac.jp,,teacher
内野　輝明,うちの　てるあき,,非常勤講師,非常勤講師,,,ptutino@anan-nct.ac.jp,,teacher
澤田　俊明,さわだ　としあき,,非常勤講師,非常勤講師,,,ptsawada@anan-nct.ac.jp,,teacher
新居　照和,にい　てるかず,,非常勤講師,非常勤講師,,,ptnii@anan-nct.ac.jp,,teacher
伊月　善彦,いづき　よしひこ,,非常勤講師,非常勤講師,,,ptizuki@anan-nct.ac.jp,,teacher
鳥羽　知夫,とば　ともお,,非常勤講師,非常勤講師,,,pttoba@anan-nct.ac.jp,,teacher
